Rk,Player,Nation,Pos,Squad,Age,Born,,,,,,,,,,,,,,,,,,,,,,,Matches
0,Patrick-van-Aanholt,NED,DF,Crystal Palace,28,1990,,,,,,,,,,,,,,,,,,,,,,,Matches
1,Max-Aarons,ENG,DF,Norwich City,19,2000,,,,,,,,,,,,,,,,,,,,,,,Matches
2,Tammy-Abraham,ENG,FW,Chelsea,21,1997,,,,,,,,,,,,,,,,,,,,,,,Matches
3,Che-Adams,ENG,FW,Southampton,23,1996,,,,,,,,,,,,,,,,,,,,,,,Matches
4,Adrian,ESP,GK,Liverpool,32,1987,,,,,,,,,,,,,,,,,,,,,,,Matches
5,Sergio-Aguero,ARG,FW,Manchester City,31,1988,,,,,,,,,,,,,,,,,,,,,,,Matches
6,Albian-Ajeti,SUI,MFFW,West Ham,22,1997,,,,,,,,,,,,,,,,,,,,,,,Matches
7,Nathan-Ake,NED,DF,Bournemouth,24,1995,,,,,,,,,,,,,,,,,,,,,,,Matches
8,Marc-Albrighton,ENG,MFDF,Leicester City,29,1989,,,,,,,,,,,,,,,,,,,,,,,Matches
9,Toby-Alderweireld,BEL,DF,Tottenham,30,1989,,,,,,,,,,,,,,,,,,,,,,,Matches
10,Trent-Alexander-Arnold,ENG,DF,Liverpool,20,1998,,,,,,,,,,,,,,,,,,,,,,,Matches
11,Alisson,BRA,GK,Liverpool,26,1992,,,,,,,,,,,,,,,,,,,,,,,Matches
12,Dele-Alli,ENG,MFFW,Tottenham,23,1996,,,,,,,,,,,,,,,,,,,,,,,Matches
13,Miguel-Almiron,PAR,MFFW,Newcastle Utd,25,1994,,,,,,,,,,,,,,,,,,,,,,,Matches
14,Marcos-Alonso,ESP,DF,Chelsea,28,1990,,,,,,,,,,,,,,,,,,,,,,,Matches
15,Steven-Alzate,COL,MFDF,Brighton,20,1998,,,,,,,,,,,,,,,,,,,,,,,Matches
16,Ibrahim-Amadou,FRA,DFMF,Norwich City,26,1993,,,,,,,,,,,,,,,,,,,,,,,Matches
17,Felipe-Anderson,BRA,MFFW,West Ham,26,1993,,,,,,,,,,,,,,,,,,,,,,,Matches
18,Florin-Andone,ROU,MFFW,Brighton,26,1993,,,,,,,,,,,,,,,,,,,,,,,Matches
19,Angelino,ESP,DF,Manchester City,22,1997,,,,,,,,,,,,,,,,,,,,,,,Matches
20,Faustino-Anjorin,ENG,FW,Chelsea,17,2001,,,,,,,,,,,,,,,,,,,,,,,Matches
21,Michail-Antonio,ENG,FW,West Ham,29,1990,,,,,,,,,,,,,,,,,,,,,,,Matches
22,Stuart-Armstrong,SCO,MF,Southampton,27,1992,,,,,,,,,,,,,,,,,,,,,,,Matches
23,Kepa-Arrizabalaga,ESP,GK,Chelsea,24,1994,,,,,,,,,,,,,,,,,,,,,,,Matches
24,Christian-Atsu,GHA,FWMF,Newcastle Utd,27,1992,,,,,,,,,,,,,,,,,,,,,,,Matches
25,Pierre-Emerick-Aubameyang,GAB,FW,Arsenal,30,1989,,,,,,,,,,,,,,,,,,,,,,,Matches
26,Serge-Aurier,CIV,DF,Tottenham,26,1992,,,,,,,,,,,,,,,,,,,,,,,Matches
27,Jordan-Ayew,GHA,FWMF,Crystal Palace,27,1991,,,,,,,,,,,,,,,,,,,,,,,Matches
28,Cesar-Azpilicueta,ESP,DF,Chelsea,29,1989,,,,,,,,,,,,,,,,,,,,,,,Matches
29,Eric-Bailly,CIV,DF,Manchester Utd,25,1994,,,,,,,,,,,,,,,,,,,,,,,Matches
30,Leighton-Baines,ENG,DF,Everton,34,1984,,,,,,,,,,,,,,,,,,,,,,,Matches
31,Fabian-Balbuena,PAR,DF,West Ham,27,1991,,,,,,,,,,,,,,,,,,,,,,,Matches
32,George-Baldock,ENG,DF,Sheffield Utd,26,1993,,,,,,,,,,,,,,,,,,,,,,,Matches
33,Phil-Bardsley,SCO,DF,Burnley,34,1985,,,,,,,,,,,,,,,,,,,,,,,Matches
34,Ross-Barkley,ENG,MF,Chelsea,25,1993,,,,,,,,,,,,,,,,,,,,,,,Matches
35,Ashley-Barnes,AUT,FW,Burnley,29,1989,,,,,,,,,,,,,,,,,,,,,,,Matches
36,Harvey-Barnes,ENG,MFFW,Leicester City,21,1997,,,,,,,,,,,,,,,,,,,,,,,Matches
37,Chris-Basham,ENG,DF,Sheffield Utd,31,1988,,,,,,,,,,,,,,,,,,,,,,,Matches
38,Borja-Baston,ESP,MFFW,Aston Villa,26,1992,,,,,,,,,,,,,,,,,,,,,,,Matches
39,Michy-Batshuayi,BEL,FW,Chelsea,25,1993,,,,,,,,,,,,,,,,,,,,,,,Matches
40,Jan-Bednarek,POL,DF,Southampton,23,1996,,,,,,,,,,,,,,,,,,,,,,,Matches
41,Hector-Bellerin,ESP,DF,Arsenal,24,1995,,,,,,,,,,,,,,,,,,,,,,,Matches
42,Ryan-Bennett,ENG,DF,Wolves,29,1990,,,,,,,,,,,,,,,,,,,,,,,Matches
43,Ryan-Bennett,ENG,DF,Leicester City,29,1990,,,,,,,,,,,,,,,,,,,,,,,Matches
44,Nabil-Bentaleb,ALG,MF,Newcastle Utd,24,1994,,,,,,,,,,,,,,,,,,,,,,,Matches
45,Christian-Benteke,BEL,FW,Crystal Palace,28,1990,,,,,,,,,,,,,,,,,,,,,,,Matches
46,Johann-Berg-Gudmundsson,ISL,MF,Burnley,28,1990,,,,,,,,,,,,,,,,,,,,,,,Matches
47,Sander-Berge,NOR,MF,Sheffield Utd,21,1998,,,,,,,,,,,,,,,,,,,,,,,Matches
48,Steven-Bergwijn,NED,FWMF,Tottenham,21,1997,,,,,,,,,,,,,,,,,,,,,,,Matches
49,Bernard,BRA,MFFW,Everton,26,1992,,,,,,,,,,,,,,,,,,,,,,,Matches
50,Bernardo,BRA,DF,Brighton,24,1995,,,,,,,,,,,,,,,,,,,,,,,Matches
51,Ryan-Bertrand,ENG,DF,Southampton,29,1989,,,,,,,,,,,,,,,,,,,,,,,Matches
52,Muhamed-Besic,BIH,MF,Sheffield Utd,26,1992,,,,,,,,,,,,,,,,,,,,,,,Matches
53,Philip-Billing,DEN,MF,Bournemouth,23,1996,,,,,,,,,,,,,,,,,,,,,,,Matches
54,Yves-Bissouma,MLI,MF,Brighton,22,1996,,,,,,,,,,,,,,,,,,,,,,,Matches
55,Willy-Boly,FRA,DF,Wolves,28,1991,,,,,,,,,,,,,,,,,,,,,,,Matches
56,Gaetan-Bong,CMR,MFDF,Brighton,31,1988,,,,,,,,,,,,,,,,,,,,,,,Matches
57,Sofiane-Boufal,MAR,MFFW,Southampton,25,1993,,,,,,,,,,,,,,,,,,,,,,,Matches
58,Jarrod-Bowen,ENG,FW,West Ham,22,1996,,,,,,,,,,,,,,,,,,,,,,,Matches
59,Robbie-Brady,IRL,MF,Burnley,27,1992,,,,,,,,,,,,,,,,,,,,,,,Matches
60,Jarrad-Branthwaite,ENG,DF,Everton,17,2002,,,,,,,,,,,,,,,,,,,,,,,Matches
61,Claudio-Bravo,CHI,GK,Manchester City,36,1983,,,,,,,,,,,,,,,,,,,,,,,Matches
62,Armando-Broja,ALB,FW,Chelsea,17,2001,,,,,,,,,,,,,,,,,,,,,,,Matches
63,David-Brooks,WAL,MF,Bournemouth,22,1997,,,,,,,,,,,,,,,,,,,,,,,Matches
64,Josh-Brownhill,ENG,MF,Burnley,23,1995,,,,,,,,,,,,,,,,,,,,,,,Matches
65,Emi-Buendia,ARG,FWMF,Norwich City,22,1996,,,,,,,,,,,,,,,,,,,,,,,Matches
66,Dan-Burn,ENG,DF,Brighton,27,1992,,,,,,,,,,,,,,,,,,,,,,,Matches
67,Sam-Byram,ENG,DF,Norwich City,25,1993,,,,,,,,,,,,,,,,,,,,,,,Matches
68,Willy-Caballero,ARG,GK,Chelsea,37,1981,,,,,,,,,,,,,,,,,,,,,,,Matches
69,Gary-Cahill,ENG,DF,Crystal Palace,33,1985,,,,,,,,,,,,,,,,,,,,,,,Matches
70,Dominic-Calvert-Lewin,ENG,FW,Everton,22,1997,,,,,,,,,,,,,,,,,,,,,,,Matches
71,Victor-Camarasa,ESP,MF,Crystal Palace,25,1994,,,,,,,,,,,,,,,,,,,,,,,Matches
72,Joao-Cancelo,POR,DF,Manchester City,25,1994,,,,,,,,,,,,,,,,,,,,,,,Matches
73,Todd-Cantwell,ENG,FWMF,Norwich City,21,1998,,,,,,,,,,,,,,,,,,,,,,,Matches
74,Etienne-Capoue,FRA,MF,Watford,31,1988,,,,,,,,,,,,,,,,,,,,,,,Matches
75,Andy-Carroll,ENG,FW,Newcastle Utd,30,1989,,,,,,,,,,,,,,,,,,,,,,,Matches
76,Jonny-Castro,ESP,DF,Wolves,25,1994,,,,,,,,,,,,,,,,,,,,,,,Matches
77,Craig-Cathcart,NIR,DF,Watford,30,1989,,,,,,,,,,,,,,,,,,,,,,,Matches
78,Dani-Ceballos,ESP,MF,Arsenal,22,1996,,,,,,,,,,,,,,,,,,,,,,,Matches
79,Nathaniel-Chalobah,ENG,MF,Watford,24,1994,,,,,,,,,,,,,,,,,,,,,,,Matches
80,Calum-Chambers,ENG,DF,Arsenal,24,1995,,,,,,,,,,,,,,,,,,,,,,,Matches
81,Ben-Chilwell,ENG,DF,Leicester City,22,1996,,,,,,,,,,,,,,,,,,,,,,,Matches
82,Tahith-Chong,NED,FWMF,Manchester Utd,19,1999,,,,,,,,,,,,,,,,,,,,,,,Matches
83,Hamza-Choudhury,ENG,MF,Leicester City,21,1997,,,,,,,,,,,,,,,,,,,,,,,Matches
84,Andreas-Christensen,DEN,DF,Chelsea,23,1996,,,,,,,,,,,,,,,,,,,,,,,Matches
85,Ciaran-Clark,IRL,DF,Newcastle Utd,29,1989,,,,,,,,,,,,,,,,,,,,,,,Matches
86,Leon-Clarke,ENG,FWMF,Sheffield Utd,34,1985,,,,,,,,,,,,,,,,,,,,,,,Matches
87,Tom-Cleverley,ENG,MF,Watford,29,1989,,,,,,,,,,,,,,,,,,,,,,,Matches
88,Conor-Coady,ENG,DF,Wolves,26,1993,,,,,,,,,,,,,,,,,,,,,,,Matches
89,Seamus-Coleman,IRL,DF,Everton,30,1988,,,,,,,,,,,,,,,,,,,,,,,Matches
90,Aaron-Connolly,IRL,FW,Brighton,19,2000,,,,,,,,,,,,,,,,,,,,,,,Matches
91,Lewis-Cook,ENG,MF,Bournemouth,22,1997,,,,,,,,,,,,,,,,,,,,,,,Matches
92,Steve-Cook,ENG,DF,Bournemouth,28,1991,,,,,,,,,,,,,,,,,,,,,,,Matches
93,Jack-Cork,ENG,MF,Burnley,30,1989,,,,,,,,,,,,,,,,,,,,,,,Matches
94,Aaron-Cresswell,ENG,DF,West Ham,29,1989,,,,,,,,,,,,,,,,,,,,,,,Matches
95,Patrick-Cutrone,ITA,FW,Wolves,21,1998,,,,,,,,,,,,,,,,,,,,,,,Matches
96,Diogo-Dalot,POR,DF,Manchester Utd,20,1999,,,,,,,,,,,,,,,,,,,,,,,Matches
97,Charlie-Daniels,ENG,DF,Bournemouth,32,1986,,,,,,,,,,,,,,,,,,,,,,,Matches
98,Scott-Dann,ENG,DF,Crystal Palace,32,1987,,,,,,,,,,,,,,,,,,,,,,,Matches
99,Kevin-Danso,AUT,DF,Southampton,20,1998,,,,,,,,,,,,,,,,,,,,,,,Matches
100,Ben-Davies,WAL,DF,Tottenham,26,1993,,,,,,,,,,,,,,,,,,,,,,,Matches
101,Tom-Davies,ENG,MF,Everton,21,1998,,,,,,,,,,,,,,,,,,,,,,,Matches
102,Keinan-Davis,ENG,FW,Aston Villa,21,1998,,,,,,,,,,,,,,,,,,,,,,,Matches
103,Craig-Dawson,ENG,DF,Watford,29,1990,,,,,,,,,,,,,,,,,,,,,,,Matches
104,Kevin-De-Bruyne,BEL,MF,Manchester City,28,1991,,,,,,,,,,,,,,,,,,,,,,,Matches
105,Troy-Deeney,ENG,FW,Watford,31,1988,,,,,,,,,,,,,,,,,,,,,,,Matches
106,Fabian-Delph,ENG,MF,Everton,29,1989,,,,,,,,,,,,,,,,,,,,,,,Matches
107,Leander-Dendoncker,BEL,MFDF,Wolves,24,1995,,,,,,,,,,,,,,,,,,,,,,,Matches
108,Gerard-Deulofeu,ESP,FW,Watford,25,1994,,,,,,,,,,,,,,,,,,,,,,,Matches
109,Eric-Dier,ENG,DFMF,Tottenham,25,1994,,,,,,,,,,,,,,,,,,,,,,,Matches
110,Lucas-Digne,FRA,DF,Everton,26,1993,,,,,,,,,,,,,,,,,,,,,,,Matches
111,Virgil-van-Dijk,NED,DF,Liverpool,28,1991,,,,,,,,,,,,,,,,,,,,,,,Matches
112,Issa-Diop,FRA,DF,West Ham,22,1997,,,,,,,,,,,,,,,,,,,,,,,Matches
113,Moussa-Djenepo,MLI,MFDF,Southampton,21,1998,,,,,,,,,,,,,,,,,,,,,,,Matches
114,Matt-Doherty,IRL,DF,Wolves,27,1992,,,,,,,,,,,,,,,,,,,,,,,Matches
115,Abdoulaye-Doucoure,FRA,MF,Watford,26,1993,,,,,,,,,,,,,,,,,,,,,,,Matches
116,Thomas-Doyle,ENG,MFFW,Manchester City,17,2001,,,,,,,,,,,,,,,,,,,,,,,Matches
117,Danny-Drinkwater,ENG,MF,Burnley,29,1990,,,,,,,,,,,,,,,,,,,,,,,Matches
118,Danny-Drinkwater,ENG,MF,Aston Villa,29,1990,,,,,,,,,,,,,,,,,,,,,,,Matches
119,Josip-Drmic,SUI,FWMF,Norwich City,26,1992,,,,,,,,,,,,,,,,,,,,,,,Matches
120,Martin-Dubravka,SVK,GK,Newcastle Utd,30,1989,,,,,,,,,,,,,,,,,,,,,,,Matches
121,Ondrej-Duda,SVK,MF,Norwich City,24,1994,,,,,,,,,,,,,,,,,,,,,,,Matches
122,Shane-Duffy,IRL,DF,Brighton,27,1992,,,,,,,,,,,,,,,,,,,,,,,Matches
123,Paul-Dummett,WAL,DF,Newcastle Utd,27,1991,,,,,,,,,,,,,,,,,,,,,,,Matches
124,Lewis-Dunk,ENG,DF,Brighton,27,1991,,,,,,,,,,,,,,,,,,,,,,,Matches
125,Ederson,BRA,GK,Manchester City,25,1993,,,,,,,,,,,,,,,,,,,,,,,Matches
126,John-Egan,IRL,DF,Sheffield Utd,26,1992,,,,,,,,,,,,,,,,,,,,,,,Matches
127,Harvey-Elliot,ENG,DF,Liverpool,16,2003,,,,,,,,,,,,,,,,,,,,,,,Matches
128,Ahmed-Elmohamady,EGY,DF,Aston Villa,31,1987,,,,,,,,,,,,,,,,,,,,,,,Matches
129,Bjorn-Engels,BEL,DF,Aston Villa,24,1994,,,,,,,,,,,,,,,,,,,,,,,Matches
130,Christian-Eriksen,DEN,MFFW,Tottenham,27,1992,,,,,,,,,,,,,,,,,,,,,,,Matches
131,Jonny-Evans,NIR,DF,Leicester City,31,1988,,,,,,,,,,,,,,,,,,,,,,,Matches
132,Lukasz-Fabianski,POL,GK,West Ham,34,1985,,,,,,,,,,,,,,,,,,,,,,,Matches
133,Fabinho,BRA,MF,Liverpool,25,1993,,,,,,,,,,,,,,,,,,,,,,,Matches
134,Ralf-Fahrmann,GER,GK,Norwich City,30,1988,,,,,,,,,,,,,,,,,,,,,,,Matches
135,Akin-Famewo,ENG,MF,Norwich City,20,1998,,,,,,,,,,,,,,,,,,,,,,,Matches
136,Kiko-Femenia,ESP,DF,Watford,28,1991,,,,,,,,,,,,,,,,,,,,,,,Matches
137,Bruno-Fernandes,POR,MF,Manchester Utd,24,1994,,,,,,,,,,,,,,,,,,,,,,,Matches
138,Gedson-Fernandes,POR,MFDF,Tottenham,20,1999,,,,,,,,,,,,,,,,,,,,,,,Matches
139,Federico-Fernandez,ARG,DF,Newcastle Utd,30,1989,,,,,,,,,,,,,,,,,,,,,,,Matches
140,Fernandinho,BRA,DF,Manchester City,34,1985,,,,,,,,,,,,,,,,,,,,,,,Matches
141,Roberto-Firmino,BRA,FW,Liverpool,27,1991,,,,,,,,,,,,,,,,,,,,,,,Matches
142,John-Fleck,SCO,MF,Sheffield Utd,27,1991,,,,,,,,,,,,,,,,,,,,,,,Matches
143,Phil-Foden,ENG,FWMF,Manchester City,19,2000,,,,,,,,,,,,,,,,,,,,,,,Matches
144,Pablo-Fornals,ESP,MFFW,West Ham,23,1996,,,,,,,,,,,,,,,,,,,,,,,Matches
145,Ben-Foster,ENG,GK,Watford,36,1983,,,,,,,,,,,,,,,,,,,,,,,Matches
146,Timothy-Fosu-Mensah,NED,DF,Manchester Utd,21,1998,,,,,,,,,,,,,,,,,,,,,,,Matches
147,Dimitri-Foulquier,FRA,MFDF,Watford,26,1993,,,,,,,,,,,,,,,,,,,,,,,Matches
148,Juan-Foyth,ARG,DF,Tottenham,21,1998,,,,,,,,,,,,,,,,,,,,,,,Matches
149,Simon-Francis,ENG,DF,Bournemouth,34,1985,,,,,,,,,,,,,,,,,,,,,,,Matches
150,Ryan-Fraser,SCO,MFFW,Bournemouth,25,1994,,,,,,,,,,,,,,,,,,,,,,,Matches
151,Fred,BRA,MF,Manchester Utd,26,1993,,,,,,,,,,,,,,,,,,,,,,,Matches
152,Ryan-Fredericks,ENG,DF,West Ham,26,1992,,,,,,,,,,,,,,,,,,,,,,,Matches
153,Kieron-Freeman,WAL,FW,Sheffield Utd,27,1992,,,,,,,,,,,,,,,,,,,,,,,Matches
154,Luke-Freeman,ENG,MF,Sheffield Utd,27,1992,,,,,,,,,,,,,,,,,,,,,,,Matches
155,Christian-Fuchs,AUT,DF,Leicester City,33,1986,,,,,,,,,,,,,,,,,,,,,,,Matches
156,Eric-Garcia,ESP,DF,Manchester City,18,2001,,,,,,,,,,,,,,,,,,,,,,,Matches
157,James-Garner,ENG,MF,Manchester Utd,18,2001,,,,,,,,,,,,,,,,,,,,,,,Matches
158,Dwight-Gayle,ENG,FW,Newcastle Utd,28,1990,,,,,,,,,,,,,,,,,,,,,,,Matches
159,Paulo-Gazzaniga,ARG,GK,Tottenham,27,1992,,,,,,,,,,,,,,,,,,,,,,,Matches
160,Jean-Philippe-Gbamin,CIV,MF,Everton,23,1995,,,,,,,,,,,,,,,,,,,,,,,Matches
161,David-de-Gea,ESP,GK,Manchester Utd,28,1990,,,,,,,,,,,,,,,,,,,,,,,Matches
162,Anwar-El-Ghazi,NED,FWMF,Aston Villa,24,1995,,,,,,,,,,,,,,,,,,,,,,,Matches
163,Morgan-Gibbs-White,ENG,MFFW,Wolves,19,2000,,,,,,,,,,,,,,,,,,,,,,,Matches
164,Billy-Gilmour,SCO,MF,Chelsea,18,2001,,,,,,,,,,,,,,,,,,,,,,,Matches
165,Olivier-Giroud,FRA,FW,Chelsea,32,1986,,,,,,,,,,,,,,,,,,,,,,,Matches
166,Ben-Godfrey,ENG,DF,Norwich City,21,1998,,,,,,,,,,,,,,,,,,,,,,,Matches
167,Andre-Gomes,POR,MF,Everton,26,1993,,,,,,,,,,,,,,,,,,,,,,,Matches
168,Angel-Gomes,ENG,MF,Manchester Utd,18,2000,,,,,,,,,,,,,,,,,,,,,,,Matches
169,Joe-Gomez,ENG,DF,Liverpool,22,1997,,,,,,,,,,,,,,,,,,,,,,,Matches
170,Anthony-Gordon,ENG,MFFW,Everton,18,2001,,,,,,,,,,,,,,,,,,,,,,,Matches
171,Dan-Gosling,ENG,MF,Bournemouth,29,1990,,,,,,,,,,,,,,,,,,,,,,,Matches
172,Andre-Gray,ENG,FW,Watford,28,1991,,,,,,,,,,,,,,,,,,,,,,,Matches
173,Demarai-Gray,ENG,MFFW,Leicester City,23,1996,,,,,,,,,,,,,,,,,,,,,,,Matches
174,Jack-Grealish,ENG,FWMF,Aston Villa,23,1995,,,,,,,,,,,,,,,,,,,,,,,Matches
175,Mason-Greenwood,ENG,FW,Manchester Utd,17,2001,,,,,,,,,,,,,,,,,,,,,,,Matches
176,Arnaut-Groeneveld,NED,MF,Bournemouth,22,1997,,,,,,,,,,,,,,,,,,,,,,,Matches
177,Pascal-Gross,GER,FWMF,Brighton,28,1991,,,,,,,,,,,,,,,,,,,,,,,Matches
178,Vicente-Guaita,ESP,GK,Crystal Palace,32,1987,,,,,,,,,,,,,,,,,,,,,,,Matches
179,Matteo-Guendouzi,FRA,MF,Arsenal,20,1999,,,,,,,,,,,,,,,,,,,,,,,Matches
180,Frederic-Guilbert,FRA,DF,Aston Villa,24,1994,,,,,,,,,,,,,,,,,,,,,,,Matches
181,Ilkay-Gundogan,GER,MF,Manchester City,28,1990,,,,,,,,,,,,,,,,,,,,,,,Matches
182,Angus-Gunn,ENG,GK,Southampton,23,1996,,,,,,,,,,,,,,,,,,,,,,,Matches
183,Sebastien-Haller,FRA,FW,West Ham,25,1994,,,,,,,,,,,,,,,,,,,,,,,Matches
184,Grant-Hanley,SCO,DF,Norwich City,27,1991,,,,,,,,,,,,,,,,,,,,,,,Matches
185,Kortney-Hause,ENG,DF,Aston Villa,24,1995,,,,,,,,,,,,,,,,,,,,,,,Matches
186,Isaac-Hayden,ENG,MF,Newcastle Utd,24,1995,,,,,,,,,,,,,,,,,,,,,,,Matches
187,Tom-Heaton,ENG,GK,Aston Villa,33,1986,,,,,,,,,,,,,,,,,,,,,,,Matches
188,Dean-Henderson,ENG,GK,Sheffield Utd,22,1997,,,,,,,,,,,,,,,,,,,,,,,Matches
189,Jordan-Henderson,ENG,MF,Liverpool,29,1990,,,,,,,,,,,,,,,,,,,,,,,Matches
190,Jeff-Hendrick,IRL,MF,Burnley,27,1992,,,,,,,,,,,,,,,,,,,,,,,Matches
191,Wayne-Hennessey,WAL,GK,Crystal Palace,32,1987,,,,,,,,,,,,,,,,,,,,,,,Matches
192,Javier-Hernandez,MEX,FW,West Ham,31,1988,,,,,,,,,,,,,,,,,,,,,,,Matches
193,Onel-Hernandez,CUB,FWMF,Norwich City,26,1993,,,,,,,,,,,,,,,,,,,,,,,Matches
194,Son-Heung-min,KOR,FWMF,Tottenham,27,1992,,,,,,,,,,,,,,,,,,,,,,,Matches
195,George-Hirst,ENG,FW,Leicester City,20,1999,,,,,,,,,,,,,,,,,,,,,,,Matches
196,Rob-Holding,ENG,DF,Arsenal,23,1995,,,,,,,,,,,,,,,,,,,,,,,Matches
197,Jose-Holebas,GRE,DF,Watford,35,1984,,,,,,,,,,,,,,,,,,,,,,,Matches
198,Mason-Holgate,ENG,DF,Everton,22,1996,,,,,,,,,,,,,,,,,,,,,,,Matches
199,Nathan-Holland,ENG,MF,West Ham,21,1998,,,,,,,,,,,,,,,,,,,,,,,Matches
200,Conor-Hourihane,IRL,MF,Aston Villa,28,1991,,,,,,,,,,,,,,,,,,,,,,,Matches
201,Callum-Hudson-Odoi,ENG,FW,Chelsea,18,2000,,,,,,,,,,,,,,,,,,,,,,,Matches
202,Will-Hughes,ENG,MFFW,Watford,24,1995,,,,,,,,,,,,,,,,,,,,,,,Matches
203,Pierre-Hojbjerg,DEN,MF,Southampton,23,1995,,,,,,,,,,,,,,,,,,,,,,,Matches
204,Jordon-Ibe,ENG,DF,Bournemouth,23,1995,,,,,,,,,,,,,,,,,,,,,,,Matches
205,Adam-Idah,IRL,FWMF,Norwich City,18,2001,,,,,,,,,,,,,,,,,,,,,,,Matches
206,Odion-Ighalo,NGA,FW,Manchester Utd,30,1989,,,,,,,,,,,,,,,,,,,,,,,Matches
207,Kelechi-Iheanacho,NGA,FW,Leicester City,22,1996,,,,,,,,,,,,,,,,,,,,,,,Matches
208,Danny-Ings,ENG,FW,Southampton,27,1992,,,,,,,,,,,,,,,,,,,,,,,Matches
209,Alex-Iwobi,NGA,MFFW,Everton,23,1996,,,,,,,,,,,,,,,,,,,,,,,Matches
210,Phil-Jagielka,ENG,DF,Sheffield Utd,36,1982,,,,,,,,,,,,,,,,,,,,,,,Matches
211,Alireza-Jahanbakhsh,IRN,FWMF,Brighton,25,1993,,,,,,,,,,,,,,,,,,,,,,,Matches
212,Daniel-James,WAL,FW,Manchester Utd,21,1997,,,,,,,,,,,,,,,,,,,,,,,Matches
213,Matty-James,ENG,MF,Leicester City,28,1991,,,,,,,,,,,,,,,,,,,,,,,Matches
214,Reece-James,ENG,DF,Chelsea,19,1999,,,,,,,,,,,,,,,,,,,,,,,Matches
215,Daryl-Janmaat,NED,DF,Watford,30,1989,,,,,,,,,,,,,,,,,,,,,,,Matches
216,Gabriel-Jesus,BRA,FW,Manchester City,22,1997,,,,,,,,,,,,,,,,,,,,,,,Matches
217,Raul-Jimenez,MEX,FW,Wolves,28,1991,,,,,,,,,,,,,,,,,,,,,,,Matches
218,Joelinton,BRA,FW,Newcastle Utd,22,1996,,,,,,,,,,,,,,,,,,,,,,,Matches
219,Ben-Johnson,ENG,DF,West Ham,19,2000,,,,,,,,,,,,,,,,,,,,,,,Matches
220,Curtis-Jones,ENG,MF,Liverpool,18,2001,,,,,,,,,,,,,,,,,,,,,,,Matches
221,Phil-Jones,ENG,DF,Manchester Utd,27,1992,,,,,,,,,,,,,,,,,,,,,,,Matches
222,Bruno-Jordao,POR,FW,Wolves,20,1998,,,,,,,,,,,,,,,,,,,,,,,Matches
223,Jorginho,ITA,MF,Chelsea,27,1991,,,,,,,,,,,,,,,,,,,,,,,Matches
224,Jota,ESP,FWMF,Aston Villa,28,1991,,,,,,,,,,,,,,,,,,,,,,,Matches
225,Diogo-Jota,POR,FWMF,Wolves,22,1996,,,,,,,,,,,,,,,,,,,,,,,Matches
226,James-Justin,ENG,DF,Leicester City,21,1998,,,,,,,,,,,,,,,,,,,,,,,Matches
227,Christian-Kabasele,BEL,DF,Watford,28,1991,,,,,,,,,,,,,,,,,,,,,,,Matches
228,Harry-Kane,ENG,FW,Tottenham,26,1993,,,,,,,,,,,,,,,,,,,,,,,Matches
229,NGolo-Kante,FRA,MF,Chelsea,28,1991,,,,,,,,,,,,,,,,,,,,,,,Matches
230,Moise-Kean,ITA,FW,Everton,19,2000,,,,,,,,,,,,,,,,,,,,,,,Matches
231,Michael-Keane,ENG,DF,Everton,26,1993,,,,,,,,,,,,,,,,,,,,,,,Matches
232,Naby-Keita,GUI,MF,Liverpool,24,1995,,,,,,,,,,,,,,,,,,,,,,,Matches
233,Lloyd-Kelly,ENG,DF,Bournemouth,20,1998,,,,,,,,,,,,,,,,,,,,,,,Matches
234,Martin-Kelly,ENG,DF,Crystal Palace,29,1990,,,,,,,,,,,,,,,,,,,,,,,Matches
235,Max-Kilman,ENG,DF,Wolves,22,1997,,,,,,,,,,,,,,,,,,,,,,,Matches
236,Joshua-King,NOR,FWMF,Bournemouth,27,1992,,,,,,,,,,,,,,,,,,,,,,,Matches
237,Timm-Klose,SUI,DF,Norwich City,31,1988,,,,,,,,,,,,,,,,,,,,,,,Matches
238,Jonathan-Kodjia,CIV,FWMF,Aston Villa,29,1989,,,,,,,,,,,,,,,,,,,,,,,Matches
239,Sead-Kolasinac,BIH,DF,Arsenal,26,1993,,,,,,,,,,,,,,,,,,,,,,,Matches
240,Ezri-Konsa,ENG,DF,Aston Villa,21,1997,,,,,,,,,,,,,,,,,,,,,,,Matches
241,Cheikhou-Kouyate,SEN,MFDF,Crystal Palace,29,1989,,,,,,,,,,,,,,,,,,,,,,,Matches
242,Mateo-Kovacic,CRO,MF,Chelsea,25,1994,,,,,,,,,,,,,,,,,,,,,,,Matches
243,Emil-Krafth,SWE,DF,Newcastle Utd,24,1994,,,,,,,,,,,,,,,,,,,,,,,Matches
244,Tim-Krul,NED,GK,Norwich City,31,1988,,,,,,,,,,,,,,,,,,,,,,,Matches
245,Alexandre-Lacazette,FRA,FW,Arsenal,28,1991,,,,,,,,,,,,,,,,,,,,,,,Matches
246,Adam-Lallana,ENG,MFFW,Liverpool,31,1988,,,,,,,,,,,,,,,,,,,,,,,Matches
247,Erik-Lamela,ARG,MFFW,Tottenham,27,1992,,,,,,,,,,,,,,,,,,,,,,,Matches
248,Tariq-Lamptey,ENG,DF,Brighton,18,2000,,,,,,,,,,,,,,,,,,,,,,,Matches
249,Tariq-Lamptey,ENG,DF,Chelsea,18,2000,,,,,,,,,,,,,,,,,,,,,,,Matches
250,Henri-Lansbury,ENG,MF,Aston Villa,28,1990,,,,,,,,,,,,,,,,,,,,,,,Matches
251,Manuel-Lanzini,ARG,MFFW,West Ham,26,1993,,,,,,,,,,,,,,,,,,,,,,,Matches
252,Aymeric-Laporte,FRA,DF,Manchester City,25,1994,,,,,,,,,,,,,,,,,,,,,,,Matches
253,Jamaal-Lascelles,ENG,DF,Newcastle Utd,25,1993,,,,,,,,,,,,,,,,,,,,,,,Matches
254,Valentino-Lazaro,AUT,DFMF,Newcastle Utd,23,1996,,,,,,,,,,,,,,,,,,,,,,,Matches
255,Moritz-Leitner,GER,MF,Norwich City,26,1992,,,,,,,,,,,,,,,,,,,,,,,Matches
256,Florian-Lejeune,FRA,DF,Newcastle Utd,28,1991,,,,,,,,,,,,,,,,,,,,,,,Matches
257,Aaron-Lennon,ENG,MF,Burnley,32,1987,,,,,,,,,,,,,,,,,,,,,,,Matches
258,Bernd-Leno,GER,GK,Arsenal,27,1992,,,,,,,,,,,,,,,,,,,,,,,Matches
259,Jefferson-Lerma,COL,MF,Bournemouth,24,1994,,,,,,,,,,,,,,,,,,,,,,,Matches
260,Jamal-Lewis,NIR,DF,Norwich City,21,1998,,,,,,,,,,,,,,,,,,,,,,,Matches
261,Victor-Lindelof,SWE,DF,Manchester Utd,25,1994,,,,,,,,,,,,,,,,,,,,,,,Matches
262,Jesse-Lingard,ENG,MFFW,Manchester Utd,26,1992,,,,,,,,,,,,,,,,,,,,,,,Matches
263,Hugo-Lloris,FRA,GK,Tottenham,32,1986,,,,,,,,,,,,,,,,,,,,,,,Matches
264,Giovani-Lo-Celso,ARG,MFFW,Tottenham,23,1996,,,,,,,,,,,,,,,,,,,,,,,Matches
265,Jurgen-Locadia,NED,MFFW,Brighton,25,1993,,,,,,,,,,,,,,,,,,,,,,,Matches
266,Ruben-Loftus-Cheek,ENG,MFFW,Chelsea,23,1996,,,,,,,,,,,,,,,,,,,,,,,Matches
267,Kevin-Long,IRL,DF,Burnley,28,1990,,,,,,,,,,,,,,,,,,,,,,,Matches
268,Shane-Long,IRL,FW,Southampton,32,1987,,,,,,,,,,,,,,,,,,,,,,,Matches
269,Matthew-Longstaff,ENG,MF,Newcastle Utd,19,2000,,,,,,,,,,,,,,,,,,,,,,,Matches
270,Sean-Longstaff,ENG,MF,Newcastle Utd,21,1997,,,,,,,,,,,,,,,,,,,,,,,Matches
271,Dejan-Lovren,CRO,DF,Liverpool,30,1989,,,,,,,,,,,,,,,,,,,,,,,Matches
272,Matthew-Lowton,ENG,DF,Burnley,30,1989,,,,,,,,,,,,,,,,,,,,,,,Matches
273,David-Luiz,BRA,DF,Arsenal,32,1987,,,,,,,,,,,,,,,,,,,,,,,Matches
274,Douglas-Luiz,BRA,MF,Aston Villa,21,1998,,,,,,,,,,,,,,,,,,,,,,,Matches
275,John-Lundstram,ENG,MF,Sheffield Utd,25,1994,,,,,,,,,,,,,,,,,,,,,,,Matches
276,Alexis-Mac-Allister,ARG,MFFW,Brighton,20,1998,,,,,,,,,,,,,,,,,,,,,,,Matches
277,James-Maddison,ENG,MF,Leicester City,22,1996,,,,,,,,,,,,,,,,,,,,,,,Matches
278,Harry-Maguire,ENG,DF,Manchester Utd,26,1993,,,,,,,,,,,,,,,,,,,,,,,Matches
279,Riyad-Mahrez,ALG,FW,Manchester City,28,1991,,,,,,,,,,,,,,,,,,,,,,,Matches
280,Ainsley-Maitland-Niles,ENG,DF,Arsenal,21,1997,,,,,,,,,,,,,,,,,,,,,,,Matches
281,Sadio-Mane,SEN,FW,Liverpool,27,1992,,,,,,,,,,,,,,,,,,,,,,,Matches
282,Javier-Manquillo,ESP,DF,Newcastle Utd,25,1994,,,,,,,,,,,,,,,,,,,,,,,Matches
283,Solly-March,ENG,DFFW,Brighton,25,1994,,,,,,,,,,,,,,,,,,,,,,,Matches
284,Pablo-Mari,ESP,DF,Arsenal,25,1993,,,,,,,,,,,,,,,,,,,,,,,Matches
285,Adrian-Mariappa,JAM,DF,Watford,32,1986,,,,,,,,,,,,,,,,,,,,,,,Matches
286,Anthony-Martial,FRA,FW,Manchester Utd,23,1995,,,,,,,,,,,,,,,,,,,,,,,Matches
287,David-Martin,ENG,GK,West Ham,33,1986,,,,,,,,,,,,,,,,,,,,,,,Matches
288,Josh-Martin,ENG,FW,Norwich City,17,2001,,,,,,,,,,,,,,,,,,,,,,,Matches
289,Martinelli,BRA,FW,Arsenal,18,2001,,,,,,,,,,,,,,,,,,,,,,,Matches
290,Emiliano-Martinez,ARG,GK,Arsenal,26,1992,,,,,,,,,,,,,,,,,,,,,,,Matches
291,Adam-Masina,ITA,DF,Watford,25,1994,,,,,,,,,,,,,,,,,,,,,,,Matches
292,Arthur-Masuaku,COD,DF,West Ham,25,1993,,,,,,,,,,,,,,,,,,,,,,,Matches
293,Juan-Mata,ESP,MFFW,Manchester Utd,31,1988,,,,,,,,,,,,,,,,,,,,,,,Matches
294,Nemanja-Matic,SRB,MF,Manchester Utd,30,1988,,,,,,,,,,,,,,,,,,,,,,,Matches
295,Joel-Matip,CMR,DF,Liverpool,27,1991,,,,,,,,,,,,,,,,,,,,,,,Matches
296,Neal-Maupay,FRA,FW,Brighton,22,1996,,,,,,,,,,,,,,,,,,,,,,,Matches
297,James-McArthur,SCO,MF,Crystal Palace,31,1987,,,,,,,,,,,,,,,,,,,,,,,Matches
298,Oliver-McBurnie,SCO,FW,Sheffield Utd,23,1996,,,,,,,,,,,,,,,,,,,,,,,Matches
299,Alex-McCarthy,ENG,GK,Southampton,29,1989,,,,,,,,,,,,,,,,,,,,,,,Matches
300,James-McCarthy,IRL,MF,Crystal Palace,28,1990,,,,,,,,,,,,,,,,,,,,,,,Matches
301,John-McGinn,SCO,MF,Aston Villa,24,1994,,,,,,,,,,,,,,,,,,,,,,,Matches
302,David-McGoldrick,IRL,FW,Sheffield Utd,31,1987,,,,,,,,,,,,,,,,,,,,,,,Matches
303,Michael-McGovern,NIR,GK,Norwich City,35,1984,,,,,,,,,,,,,,,,,,,,,,,Matches
304,Kenny-McLean,SCO,MF,Norwich City,27,1992,,,,,,,,,,,,,,,,,,,,,,,Matches
305,Dwight-McNeil,ENG,MF,Burnley,19,1999,,,,,,,,,,,,,,,,,,,,,,,Matches
306,Scott-McTominay,SCO,MF,Manchester Utd,22,1996,,,,,,,,,,,,,,,,,,,,,,,Matches
307,Ben-Mee,ENG,DF,Burnley,29,1989,,,,,,,,,,,,,,,,,,,,,,,Matches
308,Benjamin-Mendy,FRA,DF,Manchester City,25,1994,,,,,,,,,,,,,,,,,,,,,,,Matches
309,Nampalys-Mendy,FRA,MF,Leicester City,27,1992,,,,,,,,,,,,,,,,,,,,,,,Matches
310,Chris-Mepham,WAL,DF,Bournemouth,21,1997,,,,,,,,,,,,,,,,,,,,,,,Matches
311,Max-Meyer,GER,MFFW,Crystal Palace,23,1995,,,,,,,,,,,,,,,,,,,,,,,Matches
312,Luka-Milivojevic,SRB,MF,Crystal Palace,28,1991,,,,,,,,,,,,,,,,,,,,,,,Matches
313,James-Milner,ENG,MFDF,Liverpool,33,1986,,,,,,,,,,,,,,,,,,,,,,,Matches
314,Yerry-Mina,COL,DF,Everton,24,1994,,,,,,,,,,,,,,,,,,,,,,,Matches
315,Takumi-Minamino,JPN,FWMF,Liverpool,24,1995,,,,,,,,,,,,,,,,,,,,,,,Matches
316,Tyrone-Mings,ENG,DF,Aston Villa,26,1993,,,,,,,,,,,,,,,,,,,,,,,Matches
317,Tyrick-Mitchell,ENG,DF,Crystal Palace,19,1999,,,,,,,,,,,,,,,,,,,,,,,Matches
318,Henrikh-Mkhitaryan,ARM,FW,Arsenal,30,1989,,,,,,,,,,,,,,,,,,,,,,,Matches
319,Nacho-Monreal,ESP,DF,Arsenal,33,1986,,,,,,,,,,,,,,,,,,,,,,,Matches
320,Martin-Montoya,ESP,DF,Brighton,28,1991,,,,,,,,,,,,,,,,,,,,,,,Matches
321,Simon-Moore,ENG,GK,Sheffield Utd,29,1990,,,,,,,,,,,,,,,,,,,,,,,Matches
322,Aaron-Mooy,AUS,MFFW,Brighton,28,1990,,,,,,,,,,,,,,,,,,,,,,,Matches
323,Wesley-Moraes,BRA,FW,Aston Villa,22,1996,,,,,,,,,,,,,,,,,,,,,,,Matches
324,Wes-Morgan,JAM,DF,Leicester City,35,1984,,,,,,,,,,,,,,,,,,,,,,,Matches
325,Ravel-Morrison,ENG,MF,Sheffield Utd,26,1993,,,,,,,,,,,,,,,,,,,,,,,Matches
326,Mason-Mount,ENG,MFFW,Chelsea,20,1999,,,,,,,,,,,,,,,,,,,,,,,Matches
327,Lucas-Moura,BRA,FWMF,Tottenham,26,1992,,,,,,,,,,,,,,,,,,,,,,,Matches
328,Lys-Mousset,FRA,FW,Sheffield Utd,23,1996,,,,,,,,,,,,,,,,,,,,,,,Matches
329,Joao-Moutinho,POR,MF,Wolves,32,1986,,,,,,,,,,,,,,,,,,,,,,,Matches
330,Glenn-Murray,ENG,FW,Brighton,35,1983,,,,,,,,,,,,,,,,,,,,,,,Matches
331,Shkodran-Mustafi,GER,DF,Arsenal,27,1992,,,,,,,,,,,,,,,,,,,,,,,Matches
332,Yoshinori-Muto,JPN,FWMF,Newcastle Utd,27,1992,,,,,,,,,,,,,,,,,,,,,,,Matches
333,Georges-Kevin-NKoudou,FRA,FW,Tottenham,24,1995,,,,,,,,,,,,,,,,,,,,,,,Matches
334,Marvelous-Nakamba,ZIM,MF,Aston Villa,25,1994,,,,,,,,,,,,,,,,,,,,,,,Matches
335,Wilfred-Ndidi,NGA,MF,Leicester City,22,1996,,,,,,,,,,,,,,,,,,,,,,,Matches
336,Tanguy-Ndombele,FRA,MF,Tottenham,22,1996,,,,,,,,,,,,,,,,,,,,,,,Matches
337,Reiss-Nelson,ENG,FW,Arsenal,19,1999,,,,,,,,,,,,,,,,,,,,,,,Matches
338,Pedro-Neto,POR,FWMF,Wolves,19,2000,,,,,,,,,,,,,,,,,,,,,,,Matches
339,Ruben-Neves,POR,MF,Wolves,22,1997,,,,,,,,,,,,,,,,,,,,,,,Matches
340,Jeremy-Ngakia,ENG,DF,West Ham,18,2000,,,,,,,,,,,,,,,,,,,,,,,Matches
341,Oumar-Niasse,SEN,FW,Everton,29,1990,,,,,,,,,,,,,,,,,,,,,,,Matches
342,Eddie-Nketiah,ENG,FW,Arsenal,20,1999,,,,,,,,,,,,,,,,,,,,,,,Matches
343,Mark-Noble,ENG,MF,West Ham,32,1987,,,,,,,,,,,,,,,,,,,,,,,Matches
344,Oliver-Norwood,NIR,MF,Sheffield Utd,28,1991,,,,,,,,,,,,,,,,,,,,,,,Matches
345,Orjan-Nyland,NOR,GK,Aston Villa,28,1990,,,,,,,,,,,,,,,,,,,,,,,Matches
346,Jack-OConnell,ENG,DF,Sheffield Utd,25,1994,,,,,,,,,,,,,,,,,,,,,,,Matches
347,Michael-Obafemi,IRL,FW,Southampton,19,2000,,,,,,,,,,,,,,,,,,,,,,,Matches
348,Angelo-Ogbonna,ITA,DF,West Ham,31,1988,,,,,,,,,,,,,,,,,,,,,,,Matches
349,Divock-Origi,BEL,FW,Liverpool,24,1995,,,,,,,,,,,,,,,,,,,,,,,Matches
350,Ben-Osborn,ENG,MFDF,Sheffield Utd,24,1994,,,,,,,,,,,,,,,,,,,,,,,Matches
351,Nicolas-Otamendi,ARG,DF,Manchester City,31,1988,,,,,,,,,,,,,,,,,,,,,,,Matches
352,Alex-Oxlade-Chamberlain,ENG,MFFW,Liverpool,25,1993,,,,,,,,,,,,,,,,,,,,,,,Matches
353,Mesut-Ozil,GER,MF,Arsenal,30,1988,,,,,,,,,,,,,,,,,,,,,,,Matches
354,Emerson-Palmieri,ITA,DF,Chelsea,24,1994,,,,,,,,,,,,,,,,,,,,,,,Matches
355,Sokratis-Papastathopoulos,GRE,DF,Arsenal,31,1988,,,,,,,,,,,,,,,,,,,,,,,Matches
356,Troy-Parrott,IRL,MF,Tottenham,17,2002,,,,,,,,,,,,,,,,,,,,,,,Matches
357,Rui-Patricio,POR,GK,Wolves,31,1988,,,,,,,,,,,,,,,,,,,,,,,Matches
358,Pedro,ESP,FW,Chelsea,32,1987,,,,,,,,,,,,,,,,,,,,,,,Matches
359,Joao-Pedro,BRA,FWMF,Watford,17,2001,,,,,,,,,,,,,,,,,,,,,,,Matches
360,Nicolas-Pepe,CIV,FW,Arsenal,24,1995,,,,,,,,,,,,,,,,,,,,,,,Matches
361,Andreas-Pereira,BRA,MFFW,Manchester Utd,23,1996,,,,,,,,,,,,,,,,,,,,,,,Matches
362,Ricardo-Pereira,POR,DF,Leicester City,25,1993,,,,,,,,,,,,,,,,,,,,,,,Matches
363,Roberto-Pereyra,ARG,FWMF,Watford,28,1991,,,,,,,,,,,,,,,,,,,,,,,Matches
364,Ayoze-Perez,ESP,MFFW,Leicester City,26,1993,,,,,,,,,,,,,,,,,,,,,,,Matches
365,Jordan-Pickford,ENG,GK,Everton,25,1994,,,,,,,,,,,,,,,,,,,,,,,Matches
366,Brandon-Pierrick,ENG,MF,Crystal Palace,17,2001,,,,,,,,,,,,,,,,,,,,,,,Matches
367,Erik-Pieters,NED,DFMF,Burnley,30,1988,,,,,,,,,,,,,,,,,,,,,,,Matches
368,Daniel-Podence,POR,FWMF,Wolves,23,1995,,,,,,,,,,,,,,,,,,,,,,,Matches
369,Paul-Pogba,FRA,MF,Manchester Utd,26,1993,,,,,,,,,,,,,,,,,,,,,,,Matches
370,Nick-Pope,ENG,GK,Burnley,27,1992,,,,,,,,,,,,,,,,,,,,,,,Matches
371,Dennis-Praet,BEL,MF,Leicester City,25,1994,,,,,,,,,,,,,,,,,,,,,,,Matches
372,Sebastian-Prodl,AUT,DF,Watford,32,1987,,,,,,,,,,,,,,,,,,,,,,,Matches
373,Davy-Propper,NED,MF,Brighton,27,1991,,,,,,,,,,,,,,,,,,,,,,,Matches
374,Teemu-Pukki,FIN,FW,Norwich City,29,1990,,,,,,,,,,,,,,,,,,,,,,,Matches
375,Christian-Pulisic,USA,FW,Chelsea,20,1998,,,,,,,,,,,,,,,,,,,,,,,Matches
376,Ignacio-Pussetto,ARG,FWDF,Watford,23,1995,,,,,,,,,,,,,,,,,,,,,,,Matches
377,Domingos-Quina,POR,MF,Watford,19,1999,,,,,,,,,,,,,,,,,,,,,,,Matches
378,Aaron-Ramsdale,ENG,GK,Bournemouth,21,1998,,,,,,,,,,,,,,,,,,,,,,,Matches
379,Darren-Randolph,IRL,GK,West Ham,32,1987,,,,,,,,,,,,,,,,,,,,,,,Matches
380,Marcus-Rashford,ENG,FW,Manchester Utd,21,1997,,,,,,,,,,,,,,,,,,,,,,,Matches
381,Nathan-Redmond,ENG,MFFW,Southampton,25,1994,,,,,,,,,,,,,,,,,,,,,,,Matches
382,Pepe-Reina,ESP,GK,Aston Villa,36,1982,,,,,,,,,,,,,,,,,,,,,,,Matches
383,Declan-Rice,ENG,MF,West Ham,20,1999,,,,,,,,,,,,,,,,,,,,,,,Matches
384,Richarlison,BRA,FW,Everton,22,1997,,,,,,,,,,,,,,,,,,,,,,,Matches
385,Diego-Rico,ESP,DF,Bournemouth,26,1993,,,,,,,,,,,,,,,,,,,,,,,Matches
386,Jairo-Riedewald,NED,DFMF,Crystal Palace,22,1996,,,,,,,,,,,,,,,,,,,,,,,Matches
387,Matt-Ritchie,SCO,DFMF,Newcastle Utd,29,1989,,,,,,,,,,,,,,,,,,,,,,,Matches
388,Roberto,ESP,GK,West Ham,33,1986,,,,,,,,,,,,,,,,,,,,,,,Matches
389,Patrick-Roberts,ENG,MFFW,Norwich City,22,1997,,,,,,,,,,,,,,,,,,,,,,,Matches
390,Andrew-Robertson,SCO,DF,Liverpool,25,1994,,,,,,,,,,,,,,,,,,,,,,,Matches
391,Callum-Robinson,IRL,FW,Sheffield Utd,24,1995,,,,,,,,,,,,,,,,,,,,,,,Matches
392,Jack-Robinson,ENG,DF,Sheffield Utd,25,1993,,,,,,,,,,,,,,,,,,,,,,,Matches
393,Rodri,ESP,MF,Manchester City,23,1996,,,,,,,,,,,,,,,,,,,,,,,Matches
394,Jay-Rodriguez,ENG,FW,Burnley,30,1989,,,,,,,,,,,,,,,,,,,,,,,Matches
395,Jack-Rodwell,ENG,MF,Sheffield Utd,28,1991,,,,,,,,,,,,,,,,,,,,,,,Matches
396,Marcos-Rojo,ARG,DF,Manchester Utd,29,1990,,,,,,,,,,,,,,,,,,,,,,,Matches
397,Oriol-Romeu,ESP,MF,Southampton,27,1991,,,,,,,,,,,,,,,,,,,,,,,Matches
398,Danny-Rose,ENG,DF,Newcastle Utd,29,1990,,,,,,,,,,,,,,,,,,,,,,,Matches
399,Danny-Rose,ENG,DF,Tottenham,29,1990,,,,,,,,,,,,,,,,,,,,,,,Matches
400,Antonio-Rudiger,GER,DF,Chelsea,26,1993,,,,,,,,,,,,,,,,,,,,,,,Matches
401,Lukas-Rupp,GER,FWMF,Norwich City,28,1991,,,,,,,,,,,,,,,,,,,,,,,Matches
402,Mathew-Ryan,AUS,GK,Brighton,27,1992,,,,,,,,,,,,,,,,,,,,,,,Matches
403,Allan-Saint-Maximin,FRA,MFFW,Newcastle Utd,22,1997,,,,,,,,,,,,,,,,,,,,,,,Matches
404,Romain-Saiss,MAR,DF,Wolves,29,1990,,,,,,,,,,,,,,,,,,,,,,,Matches
405,Bukayo-Saka,ENG,DFFW,Arsenal,17,2001,,,,,,,,,,,,,,,,,,,,,,,Matches
406,Mamadou-Sakho,FRA,DF,Crystal Palace,29,1990,,,,,,,,,,,,,,,,,,,,,,,Matches
407,Mohamed-Salah,EGY,FW,Liverpool,27,1992,,,,,,,,,,,,,,,,,,,,,,,Matches
408,Mbwana-Samatta,TAN,FW,Aston Villa,26,1992,,,,,,,,,,,,,,,,,,,,,,,Matches
409,Carlos-Sanchez,COL,MFDF,West Ham,33,1986,,,,,,,,,,,,,,,,,,,,,,,Matches
410,Davinson-Sanchez,COL,DF,Tottenham,23,1996,,,,,,,,,,,,,,,,,,,,,,,Matches
411,Leroy-Sane,GER,FW,Manchester City,23,1996,,,,,,,,,,,,,,,,,,,,,,,Matches
412,Ismaila-Sarr,SEN,FWMF,Watford,21,1998,,,,,,,,,,,,,,,,,,,,,,,Matches
413,Fabian-Schar,SUI,DFMF,Newcastle Utd,27,1991,,,,,,,,,,,,,,,,,,,,,,,Matches
414,Ezequiel-Schelotto,ITA,DF,Brighton,30,1989,,,,,,,,,,,,,,,,,,,,,,,Matches
415,Jeffrey-Schlupp,GHA,MFDF,Crystal Palace,26,1992,,,,,,,,,,,,,,,,,,,,,,,Matches
416,Kasper-Schmeichel,DEN,GK,Leicester City,32,1986,,,,,,,,,,,,,,,,,,,,,,,Matches
417,Morgan-Schneiderlin,FRA,MF,Everton,29,1989,,,,,,,,,,,,,,,,,,,,,,,Matches
418,Ryan-Sessegnon,ENG,DF,Tottenham,19,2000,,,,,,,,,,,,,,,,,,,,,,,Matches
419,Xherdan-Shaqiri,SUI,FW,Liverpool,27,1991,,,,,,,,,,,,,,,,,,,,,,,Matches
420,Billy-Sharp,ENG,FW,Sheffield Utd,33,1986,,,,,,,,,,,,,,,,,,,,,,,Matches
421,Luke-Shaw,ENG,DF,Manchester Utd,24,1995,,,,,,,,,,,,,,,,,,,,,,,Matches
422,Jonjo-Shelvey,ENG,MF,Newcastle Utd,27,1992,,,,,,,,,,,,,,,,,,,,,,,Matches
423,Djibril-Sidibe,FRA,DF,Everton,27,1992,,,,,,,,,,,,,,,,,,,,,,,Matches
424,Gylfi-Sigurdsson,ISL,MF,Everton,29,1989,,,,,,,,,,,,,,,,,,,,,,,Matches
425,Bernardo-Silva,POR,FWMF,Manchester City,24,1994,,,,,,,,,,,,,,,,,,,,,,,Matches
426,David-Silva,ESP,MF,Manchester City,33,1986,,,,,,,,,,,,,,,,,,,,,,,Matches
427,Jack-Simpson,ENG,DF,Bournemouth,22,1996,,,,,,,,,,,,,,,,,,,,,,,Matches
428,Moussa-Sissoko,FRA,MF,Tottenham,29,1989,,,,,,,,,,,,,,,,,,,,,,,Matches
429,Oliver-Skipp,ENG,MFDF,Tottenham,18,2000,,,,,,,,,,,,,,,,,,,,,,,Matches
430,William-Smallbone,IRL,MF,Southampton,19,2000,,,,,,,,,,,,,,,,,,,,,,,Matches
431,Adam-Smith,ENG,DF,Bournemouth,28,1991,,,,,,,,,,,,,,,,,,,,,,,Matches
432,Emile-Smith-Rowe,ENG,MF,Arsenal,19,2000,,,,,,,,,,,,,,,,,,,,,,,Matches
433,Robert-Snodgrass,SCO,MFFW,West Ham,31,1987,,,,,,,,,,,,,,,,,,,,,,,Matches
434,Cedric-Soares,POR,DF,Southampton,27,1991,,,,,,,,,,,,,,,,,,,,,,,Matches
435,Cedric-Soares,POR,DF,Arsenal,27,1991,,,,,,,,,,,,,,,,,,,,,,,Matches
436,Dominic-Solanke,ENG,FWMF,Bournemouth,21,1997,,,,,,,,,,,,,,,,,,,,,,,Matches
437,Tomas-Soucek,CZE,MF,West Ham,24,1995,,,,,,,,,,,,,,,,,,,,,,,Matches
438,Caglar-Soyuncu,TUR,DF,Leicester City,23,1996,,,,,,,,,,,,,,,,,,,,,,,Matches
439,Dennis-Srbeny,GER,MFFW,Norwich City,25,1994,,,,,,,,,,,,,,,,,,,,,,,Matches
440,Jack-Stacey,ENG,DF,Bournemouth,23,1996,,,,,,,,,,,,,,,,,,,,,,,Matches
441,Junior-Stanislas,ENG,MFDF,Bournemouth,29,1989,,,,,,,,,,,,,,,,,,,,,,,Matches
442,Jed-Steer,ENG,GK,Aston Villa,26,1992,,,,,,,,,,,,,,,,,,,,,,,Matches
443,Dale-Stephens,ENG,MF,Brighton,30,1989,,,,,,,,,,,,,,,,,,,,,,,Matches
444,Jack-Stephens,ENG,DF,Southampton,25,1994,,,,,,,,,,,,,,,,,,,,,,,Matches
445,Raheem-Sterling,ENG,FW,Manchester City,24,1994,,,,,,,,,,,,,,,,,,,,,,,Matches
446,Enda-Stevens,IRL,DF,Sheffield Utd,29,1990,,,,,,,,,,,,,,,,,,,,,,,Matches
447,Marco-Stiepermann,GER,MF,Norwich City,28,1991,,,,,,,,,,,,,,,,,,,,,,,Matches
448,John-Stones,ENG,DF,Manchester City,25,1994,,,,,,,,,,,,,,,,,,,,,,,Matches
449,Isaac-Success,NGA,FWMF,Watford,23,1996,,,,,,,,,,,,,,,,,,,,,,,Matches
450,Ki-Sung-yueng,KOR,MF,Newcastle Utd,30,1989,,,,,,,,,,,,,,,,,,,,,,,Matches
451,Andrew-Surman,ENG,MF,Bournemouth,32,1986,,,,,,,,,,,,,,,,,,,,,,,Matches
452,Sam-Surridge,ENG,FW,Bournemouth,21,1998,,,,,,,,,,,,,,,,,,,,,,,Matches
453,Japhet-Tanganga,ENG,DF,Tottenham,20,1999,,,,,,,,,,,,,,,,,,,,,,,Matches
454,Matt-Targett,ENG,DF,Aston Villa,23,1995,,,,,,,,,,,,,,,,,,,,,,,Matches
455,James-Tarkowski,ENG,DF,Burnley,26,1992,,,,,,,,,,,,,,,,,,,,,,,Matches
456,Charlie-Taylor,ENG,DF,Burnley,25,1993,,,,,,,,,,,,,,,,,,,,,,,Matches
457,Neil-Taylor,WAL,DF,Aston Villa,30,1989,,,,,,,,,,,,,,,,,,,,,,,Matches
458,Nathan-Tella,ENG,FW,Southampton,20,1999,,,,,,,,,,,,,,,,,,,,,,,Matches
459,Alexander-Tettey,NOR,MFDF,Norwich City,33,1986,,,,,,,,,,,,,,,,,,,,,,,Matches
460,Jordan-Thomas,ENG,FW,Norwich City,,,,,,,,,,,,,,,,,,,,,,,,,Matches
461,Luke-Thomas,ENG,DF,Leicester City,,,,,,,,,,,,,,,,,,,,,,,,,Matches
462,Max-Thompson,ENG,FW,Burnley,17,2002,,,,,,,,,,,,,,,,,,,,,,,Matches
463,Youri-Tielemans,BEL,MF,Leicester City,22,1997,,,,,,,,,,,,,,,,,,,,,,,Matches
464,Kieran-Tierney,SCO,DF,Arsenal,22,1997,,,,,,,,,,,,,,,,,,,,,,,Matches
465,James-Tomkins,ENG,DF,Crystal Palace,30,1989,,,,,,,,,,,,,,,,,,,,,,,Matches
466,Fikayo-Tomori,ENG,DF,Chelsea,21,1997,,,,,,,,,,,,,,,,,,,,,,,Matches
467,Lucas-Torreira,URU,MF,Arsenal,23,1996,,,,,,,,,,,,,,,,,,,,,,,Matches
468,Cenk-Tosun,TUR,FW,Crystal Palace,28,1991,,,,,,,,,,,,,,,,,,,,,,,Matches
469,Cenk-Tosun,TUR,FW,Everton,28,1991,,,,,,,,,,,,,,,,,,,,,,,Matches
470,Andros-Townsend,ENG,MF,Crystal Palace,28,1991,,,,,,,,,,,,,,,,,,,,,,,Matches
471,Adama-Traore,ESP,FWMF,Wolves,23,1996,,,,,,,,,,,,,,,,,,,,,,,Matches
472,Mark-Travers,IRL,GK,Bournemouth,20,1999,,,,,,,,,,,,,,,,,,,,,,,Matches
473,Trezeguet,EGY,FWMF,Aston Villa,24,1994,,,,,,,,,,,,,,,,,,,,,,,Matches
474,Leandro-Trossard,BEL,FWMF,Brighton,24,1994,,,,,,,,,,,,,,,,,,,,,,,Matches
475,Tom-Trybull,GER,MF,Norwich City,26,1993,,,,,,,,,,,,,,,,,,,,,,,Matches
476,Axel-Tuanzebe,ENG,DF,Manchester Utd,21,1997,,,,,,,,,,,,,,,,,,,,,,,Matches
477,Yan-Valery,FRA,DF,Southampton,20,1999,,,,,,,,,,,,,,,,,,,,,,,Matches
478,Jesus-Vallejo,ESP,DF,Wolves,22,1997,,,,,,,,,,,,,,,,,,,,,,,Matches
479,Jamie-Vardy,ENG,FW,Leicester City,32,1987,,,,,,,,,,,,,,,,,,,,,,,Matches
480,Indiana-Vassilev,USA,FWMF,Aston Villa,18,2001,,,,,,,,,,,,,,,,,,,,,,,Matches
481,Jan-Vertonghen,BEL,DF,Tottenham,32,1987,,,,,,,,,,,,,,,,,,,,,,,Matches
482,Jannik-Vestergaard,DEN,DF,Southampton,26,1992,,,,,,,,,,,,,,,,,,,,,,,Matches
483,Ruben-Vinagre,POR,DF,Wolves,20,1999,,,,,,,,,,,,,,,,,,,,,,,Matches
484,Jake-Vokins,ENG,DF,Southampton,19,2000,,,,,,,,,,,,,,,,,,,,,,,Matches
485,Mario-Vrancic,BIH,MF,Norwich City,30,1989,,,,,,,,,,,,,,,,,,,,,,,Matches
486,Matej-Vydra,CZE,FW,Burnley,27,1992,,,,,,,,,,,,,,,,,,,,,,,Matches
487,Theo-Walcott,ENG,MFFW,Everton,30,1989,,,,,,,,,,,,,,,,,,,,,,,Matches
488,Kyle-Walker,ENG,DF,Manchester City,29,1990,,,,,,,,,,,,,,,,,,,,,,,Matches
489,Kyle-Walker-Peters,ENG,DF,Tottenham,22,1997,,,,,,,,,,,,,,,,,,,,,,,Matches
490,Kyle-Walker-Peters,ENG,DF,Southampton,22,1997,,,,,,,,,,,,,,,,,,,,,,,Matches
491,Aaron-Wan-Bissaka,ENG,DF,Manchester Utd,21,1997,,,,,,,,,,,,,,,,,,,,,,,Matches
492,Victor-Wanyama,KEN,MF,Tottenham,28,1991,,,,,,,,,,,,,,,,,,,,,,,Matches
493,Joel-Ward,ENG,DF,Crystal Palace,29,1989,,,,,,,,,,,,,,,,,,,,,,,Matches
494,James-Ward-Prowse,ENG,MFDF,Southampton,24,1994,,,,,,,,,,,,,,,,,,,,,,,Matches
495,Kelland-Watts,ENG,DF,Newcastle Utd,19,1999,,,,,,,,,,,,,,,,,,,,,,,Matches
496,Adam-Webster,ENG,DF,Brighton,24,1995,,,,,,,,,,,,,,,,,,,,,,,Matches
497,Danny-Welbeck,ENG,FWMF,Watford,28,1990,,,,,,,,,,,,,,,,,,,,,,,Matches
498,Ashley-Westwood,ENG,MF,Burnley,29,1990,,,,,,,,,,,,,,,,,,,,,,,Matches
499,Connor-Wickham,ENG,FWMF,Crystal Palace,26,1993,,,,,,,,,,,,,,,,,,,,,,,Matches
500,Georginio-Wijnaldum,NED,MF,Liverpool,28,1990,,,,,,,,,,,,,,,,,,,,,,,Matches
501,Jetro-Willems,NED,DF,Newcastle Utd,25,1994,,,,,,,,,,,,,,,,,,,,,,,Matches
502,Brandon-Williams,ENG,DF,Manchester Utd,18,2000,,,,,,,,,,,,,,,,,,,,,,,Matches
503,Neco-Williams,WAL,DF,Liverpool,18,2001,,,,,,,,,,,,,,,,,,,,,,,Matches
504,Willian,BRA,FW,Chelsea,30,1988,,,,,,,,,,,,,,,,,,,,,,,Matches
505,Joe-Willock,ENG,MFFW,Arsenal,19,1999,,,,,,,,,,,,,,,,,,,,,,,Matches
506,Jack-Wilshere,ENG,MF,West Ham,27,1992,,,,,,,,,,,,,,,,,,,,,,,Matches
507,Callum-Wilson,ENG,FW,Bournemouth,27,1992,,,,,,,,,,,,,,,,,,,,,,,Matches
508,Harry-Wilson,WAL,MFFW,Bournemouth,22,1997,,,,,,,,,,,,,,,,,,,,,,,Matches
509,Harry-Winks,ENG,MF,Tottenham,23,1996,,,,,,,,,,,,,,,,,,,,,,,Matches
510,Chris-Wood,NZL,FW,Burnley,27,1991,,,,,,,,,,,,,,,,,,,,,,,Matches
511,Granit-Xhaka,SUI,MF,Arsenal,26,1992,,,,,,,,,,,,,,,,,,,,,,,Matches
512,Andriy-Yarmolenko,UKR,MFFW,West Ham,29,1989,,,,,,,,,,,,,,,,,,,,,,,Matches
513,DeAndre-Yedlin,USA,DF,Newcastle Utd,26,1993,,,,,,,,,,,,,,,,,,,,,,,Matches
514,Maya-Yoshida,JPN,DF,Southampton,30,1988,,,,,,,,,,,,,,,,,,,,,,,Matches
515,Ashley-Young,ENG,DF,Manchester Utd,34,1985,,,,,,,,,,,,,,,,,,,,,,,Matches
516,Pablo-Zabaleta,ARG,DF,West Ham,34,1985,,,,,,,,,,,,,,,,,,,,,,,Matches
517,Wilfried-Zaha,CIV,MFFW,Crystal Palace,26,1992,,,,,,,,,,,,,,,,,,,,,,,Matches
518,Christoph-Zimmermann,GER,DF,Norwich City,26,1993,,,,,,,,,,,,,,,,,,,,,,,Matches
519,Oleksandr-Zinchenko,UKR,DF,Manchester City,22,1996,,,,,,,,,,,,,,,,,,,,,,,Matches
520,Richairo-Zivkovic,NED,FW,Sheffield Utd,22,1996,,,,,,,,,,,,,,,,,,,,,,,Matches
521,Kurt-Zouma,FRA,DF,Chelsea,24,1994,,,,,,,,,,,,,,,,,,,,,,,Matches
