Player,Nation,Pos,Squad,Age,Born,MP,Starts,Min,Gls,Ast,PK,PKatt,CrdY,CrdR,Gls,Ast,G+A,G-PK,G+A-PK,xG,npxG,xA,xG,xA,xG+xA,npxG,npxG+xA,Matches
Patrick van Aanholt\Patrick-van-Aanholt,nl NED,DF,Crystal Palace,28,1990,29,29,2507,3,2,1,1,0,0,0.11,0.07,0.18,0.07,0.14,2.4,1.6,3.1,0.08,0.11,0.2,0.06,0.17,Matches
Max Aarons\Max-Aarons,eng ENG,DF,Norwich City,19,2000,36,36,3240,0,1,0,0,7,0,0,0.03,0.03,0,0.03,0.5,0.5,3.4,0.01,0.09,0.11,0.01,0.11,Matches
Tammy Abraham\Tammy-Abraham,eng ENG,FW,Chelsea,21,1997,34,25,2215,15,3,0,0,2,0,0.61,0.12,0.73,0.61,0.73,14.5,14.5,2.6,0.59,0.1,0.69,0.59,0.69,Matches
Che Adams\Che-Adams,eng ENG,FW,Southampton,23,1996,30,12,1111,4,2,0,0,0,0,0.32,0.16,0.49,0.32,0.49,4.2,4.2,1.3,0.34,0.1,0.44,0.34,0.44,Matches
Adrián\Adrian,es ESP,GK,Liverpool,32,1987,11,9,875,0,0,0,0,1,0,0,0,0,0,0,0,0,0,0,0,0,0,0,Matches
Sergio Agüero\Sergio-Aguero,ar ARG,FW,Manchester City,31,1988,24,18,1452,16,3,2,3,1,0,0.99,0.19,1.18,0.87,1.05,13.8,11.5,2.4,0.85,0.15,1,0.71,0.86,Matches
Albian Ajeti\Albian-Ajeti,ch SUI,MFFW,West Ham,22,1997,9,0,139,0,0,0,0,0,0,0,0,0,0,0,0.1,0.1,0.1,0.07,0.03,0.11,0.07,0.11,Matches
Nathan Aké\Nathan-Ake,nl NED,DF,Bournemouth,24,1995,29,29,2503,2,2,0,0,2,0,0.07,0.07,0.14,0.07,0.14,2.5,2.5,0.5,0.09,0.02,0.11,0.09,0.11,Matches
Marc Albrighton\Marc-Albrighton,eng ENG,MFDF,Leicester City,29,1989,20,9,867,0,3,0,0,2,0,0,0.31,0.31,0,0.31,0.6,0.6,1.9,0.06,0.19,0.26,0.06,0.26,Matches
Toby Alderweireld\Toby-Alderweireld,be BEL,DF,Tottenham,30,1989,33,33,2957,2,2,0,0,7,0,0.06,0.06,0.12,0.06,0.12,1.1,1.1,1.1,0.03,0.03,0.07,0.03,0.07,Matches
Trent Alexander-Arnold\Trent-Alexander-Arnold,eng ENG,DF,Liverpool,20,1998,38,35,3175,4,13,0,0,5,0,0.11,0.37,0.48,0.11,0.48,2.9,2.9,9.7,0.08,0.27,0.36,0.08,0.36,Matches
Alisson\Alisson,br BRA,GK,Liverpool,26,1992,29,29,2543,0,1,0,0,0,1,0,0.04,0.04,0,0.04,0,0,0.4,0,0.02,0.02,0,0.02,Matches
Dele Alli\Dele-Alli,eng ENG,MFFW,Tottenham,23,1996,25,21,1847,8,4,1,1,2,0,0.39,0.19,0.58,0.34,0.54,6.9,6.1,2,0.34,0.1,0.43,0.3,0.39,Matches
Miguel Almirón\Miguel-Almiron,py PAR,MFFW,Newcastle Utd,25,1994,36,35,3021,4,2,0,0,5,0,0.12,0.06,0.18,0.12,0.18,6.4,6.4,1.4,0.19,0.04,0.23,0.19,0.23,Matches
Marcos Alonso\Marcos-Alonso,es ESP,DF,Chelsea,28,1990,18,15,1430,4,2,0,0,4,0,0.25,0.13,0.38,0.25,0.38,2,2,2,0.13,0.13,0.26,0.13,0.26,Matches
Steven Alzate\Steven-Alzate,co COL,MFDF,Brighton,20,1998,19,12,1188,0,0,0,0,1,0,0,0,0,0,0,1.2,1.2,0.7,0.09,0.05,0.15,0.09,0.15,Matches
Ibrahim Amadou\Ibrahim-Amadou,fr FRA,DFMF,Norwich City,26,1993,11,8,759,0,0,0,0,1,0,0,0,0,0,0,1,1,0,0.12,0,0.12,0.12,0.12,Matches
Felipe Anderson\Felipe-Anderson,br BRA,MFFW,West Ham,26,1993,25,20,1497,1,4,0,0,1,0,0.06,0.24,0.3,0.06,0.3,2.5,2.5,2.9,0.15,0.18,0.32,0.15,0.32,Matches
Florin Andone\Florin-Andone,ro ROU,MFFW,Brighton,26,1993,3,1,73,1,0,0,0,0,1,1.23,0,1.23,1.23,1.23,0.1,0.1,0,0.14,0.06,0.2,0.14,0.2,Matches
Angeliño\Angelino,es ESP,DF,Manchester City,22,1997,6,4,423,0,0,0,0,1,0,0,0,0,0,0,0.2,0.2,1.2,0.05,0.26,0.31,0.05,0.31,Matches
Faustino Anjorin\Faustino-Anjorin,eng ENG,FW,Chelsea,17,2001,1,0,20,0,0,0,0,0,0,0,0,0,0,0,0,0,0,0.04,0,0.04,0.04,0.04,Matches
Michail Antonio\Michail-Antonio,eng ENG,FW,West Ham,29,1990,24,19,1768,10,3,1,1,3,0,0.51,0.15,0.66,0.46,0.61,11.6,10.8,2.8,0.59,0.14,0.73,0.55,0.69,Matches
Stuart Armstrong\Stuart-Armstrong,sco SCO,MF,Southampton,27,1992,30,19,1715,5,3,0,0,4,0,0.26,0.16,0.42,0.26,0.42,2.8,2.8,1.1,0.15,0.06,0.21,0.15,0.21,Matches
Kepa Arrizabalaga\Kepa-Arrizabalaga,es ESP,GK,Chelsea,24,1994,33,33,2970,0,0,0,0,0,0,0,0,0,0,0,0,0,0,0,0,0,0,0,Matches
Christian Atsu\Christian-Atsu,gh GHA,FWMF,Newcastle Utd,27,1992,19,6,749,0,3,0,0,2,0,0,0.36,0.36,0,0.36,0.2,0.2,0.9,0.02,0.11,0.13,0.02,0.13,Matches
Pierre-Emerick Aubameyang\Pierre-Emerick-Aubameyang,ga GAB,FW,Arsenal,30,1989,36,35,3136,22,3,2,2,3,1,0.63,0.09,0.72,0.57,0.66,15.7,14.2,3,0.45,0.09,0.54,0.41,0.49,Matches
Serge Aurier\Serge-Aurier,ci CIV,DF,Tottenham,26,1992,33,31,2700,1,5,0,0,4,1,0.03,0.17,0.2,0.03,0.2,0.5,0.5,3,0.02,0.1,0.12,0.02,0.12,Matches
Jordan Ayew\Jordan-Ayew,gh GHA,FWMF,Crystal Palace,27,1991,37,37,3148,9,2,0,0,6,0,0.26,0.06,0.31,0.26,0.31,6.3,6.3,1.9,0.18,0.05,0.24,0.18,0.24,Matches
César Azpilicueta\Cesar-Azpilicueta,es ESP,DF,Chelsea,29,1989,36,36,3229,2,6,0,0,1,0,0.06,0.17,0.22,0.06,0.22,2.7,2.7,5.7,0.07,0.16,0.23,0.07,0.23,Matches
Eric Bailly\Eric-Bailly,ci CIV,DF,Manchester Utd,25,1994,4,1,150,0,0,0,0,0,0,0,0,0,0,0,0,0,0,0,0,0,0,0,Matches
Leighton Baines\Leighton-Baines,eng ENG,DF,Everton,34,1984,8,4,404,0,0,0,0,0,0,0,0,0,0,0,0,0,0.8,0.01,0.18,0.19,0.01,0.19,Matches
Fabián Balbuena\Fabian-Balbuena,py PAR,DF,West Ham,27,1991,17,13,1177,1,0,0,0,2,0,0.08,0,0.08,0.08,0.08,1.8,1.8,0,0.14,0,0.14,0.14,0.14,Matches
George Baldock\George-Baldock,eng ENG,DF,Sheffield Utd,26,1993,38,38,3420,2,3,0,0,7,0,0.05,0.08,0.13,0.05,0.13,0.9,0.9,2.5,0.02,0.07,0.09,0.02,0.09,Matches
Phil Bardsley\Phil-Bardsley,sco SCO,DF,Burnley,34,1985,21,21,1890,0,1,0,0,6,0,0,0.05,0.05,0,0.05,0.2,0.2,0.7,0.01,0.03,0.05,0.01,0.05,Matches
Ross Barkley\Ross-Barkley,eng ENG,MF,Chelsea,25,1993,21,13,1103,1,4,0,0,0,0,0.08,0.33,0.41,0.08,0.41,2.1,2.1,2.7,0.17,0.22,0.4,0.17,0.4,Matches
Ashley Barnes\Ashley-Barnes,at AUT,FW,Burnley,29,1989,19,17,1352,6,0,1,1,4,0,0.4,0,0.4,0.33,0.33,5.6,4.8,0.5,0.37,0.03,0.41,0.32,0.36,Matches
Harvey Barnes\Harvey-Barnes,eng ENG,MFFW,Leicester City,21,1997,36,24,2083,6,8,0,0,0,0,0.26,0.35,0.6,0.26,0.6,8.6,8.6,3.5,0.37,0.15,0.52,0.37,0.52,Matches
Chris Basham\Chris-Basham,eng ENG,DF,Sheffield Utd,31,1988,38,38,3242,0,1,0,0,4,0,0,0.03,0.03,0,0.03,0.5,0.5,1,0.01,0.03,0.04,0.01,0.04,Matches
Borja Bastón\Borja-Baston,es ESP,MFFW,Aston Villa,26,1992,2,0,18,0,0,0,0,0,0,0,0,0,0,0,0,0,0,0,0,0,0,0,Matches
Michy Batshuayi\Michy-Batshuayi,be BEL,FW,Chelsea,25,1993,16,1,239,1,1,0,0,0,0,0.38,0.38,0.75,0.38,0.75,2.2,2.2,0.2,0.83,0.07,0.9,0.83,0.9,Matches
Jan Bednarek\Jan-Bednarek,pl POL,DF,Southampton,23,1996,34,34,3057,1,1,0,0,4,0,0.03,0.03,0.06,0.03,0.06,0.9,0.9,0.1,0.03,0,0.03,0.03,0.03,Matches
Héctor Bellerín\Hector-Bellerin,es ESP,DF,Arsenal,24,1995,15,13,1158,1,0,0,0,2,0,0.08,0,0.08,0.08,0.08,0.5,0.5,0.3,0.04,0.03,0.06,0.04,0.06,Matches
Ryan Bennett\Ryan-Bennett,eng ENG,DF,Wolves,29,1990,11,7,606,0,0,0,0,2,0,0,0,0,0,0,0,0,0.1,0,0.02,0.02,0,0.02,Matches
Ryan Bennett\Ryan-Bennett,eng ENG,DF,Leicester City,29,1990,5,3,331,0,0,0,0,0,0,0,0,0,0,0,0,0,0,0,0,0,0,0,Matches
Nabil Bentaleb\Nabil-Bentaleb,dz ALG,MF,Newcastle Utd,24,1994,12,8,751,0,0,0,0,2,0,0,0,0,0,0,0.1,0.1,0.2,0.01,0.03,0.04,0.01,0.04,Matches
Christian Benteke\Christian-Benteke,be BEL,FW,Crystal Palace,28,1990,24,13,1261,2,1,0,0,4,1,0.14,0.07,0.21,0.14,0.21,4.9,4.9,2.1,0.35,0.15,0.5,0.35,0.5,Matches
Jóhann Berg Guðmundsson\Johann-Berg-Gudmundsson,is ISL,MF,Burnley,28,1990,12,6,621,1,1,0,0,0,0,0.14,0.14,0.29,0.14,0.29,1.1,1.1,0.8,0.16,0.12,0.28,0.16,0.28,Matches
Sander Berge\Sander-Berge,no NOR,MF,Sheffield Utd,21,1998,14,12,943,1,1,0,0,0,0,0.1,0.1,0.19,0.1,0.19,0.5,0.5,0.4,0.04,0.04,0.08,0.04,0.08,Matches
Steven Bergwijn\Steven-Bergwijn,nl NED,FWMF,Tottenham,21,1997,14,8,704,3,1,0,0,2,0,0.38,0.13,0.51,0.38,0.51,1.2,1.2,1,0.15,0.12,0.27,0.15,0.27,Matches
Bernard\Bernard,br BRA,MFFW,Everton,26,1992,27,15,1280,3,2,0,0,2,0,0.21,0.14,0.35,0.21,0.35,1.1,1.1,2,0.08,0.14,0.22,0.08,0.22,Matches
Bernardo\Bernardo,br BRA,DF,Brighton,24,1995,14,7,679,0,0,0,0,1,0,0,0,0,0,0,0.2,0.2,0.2,0.03,0.02,0.06,0.03,0.06,Matches
Ryan Bertrand\Ryan-Bertrand,eng ENG,DF,Southampton,29,1989,32,31,2742,1,1,0,0,3,1,0.03,0.03,0.07,0.03,0.07,1.7,1.7,3.6,0.05,0.12,0.17,0.05,0.17,Matches
Muhamed Bešić\Muhamed-Besic,ba BIH,MF,Sheffield Utd,26,1992,9,2,250,0,0,0,0,2,0,0,0,0,0,0,0.1,0.1,0.1,0.05,0.03,0.08,0.05,0.08,Matches
Philip Billing\Philip-Billing,dk DEN,MF,Bournemouth,23,1996,34,29,2530,1,1,0,0,8,0,0.04,0.04,0.07,0.04,0.07,2.5,2.5,1.1,0.09,0.04,0.13,0.09,0.13,Matches
Yves Bissouma\Yves-Bissouma,ml MLI,MF,Brighton,22,1996,22,15,1259,1,0,0,0,4,0,0.07,0,0.07,0.07,0.07,0.4,0.4,0.2,0.03,0.01,0.04,0.03,0.04,Matches
Willy Boly\Willy-Boly,fr FRA,DF,Wolves,28,1991,22,22,1979,0,1,0,0,3,1,0,0.05,0.05,0,0.05,0.3,0.3,0.3,0.01,0.02,0.03,0.01,0.03,Matches
Gaëtan Bong\Gaetan-Bong,cm CMR,MFDF,Brighton,31,1988,4,0,59,0,0,0,0,0,0,0,0,0,0,0,0,0,0.1,0,0.21,0.21,0,0.21,Matches
Sofiane Boufal\Sofiane-Boufal,ma MAR,MFFW,Southampton,25,1993,20,8,764,0,2,0,0,2,0,0,0.24,0.24,0,0.24,1,1,2.7,0.12,0.32,0.44,0.12,0.44,Matches
Jarrod Bowen\Jarrod-Bowen,eng ENG,FW,West Ham,22,1996,13,11,917,1,4,0,0,0,0,0.1,0.39,0.49,0.1,0.49,1.8,1.8,2.3,0.17,0.22,0.4,0.17,0.4,Matches
Robbie Brady\Robbie-Brady,ie IRL,MF,Burnley,27,1992,17,5,454,1,2,0,0,1,0,0.2,0.4,0.59,0.2,0.59,1.1,1.1,0.3,0.21,0.06,0.27,0.21,0.27,Matches
Jarrad Branthwaite\Jarrad-Branthwaite,eng ENG,DF,Everton,17,2002,4,2,300,0,0,0,0,0,0,0,0,0,0,0,0,0,0,0,0,0,0,0,Matches
Claudio Bravo\Claudio-Bravo,cl CHI,GK,Manchester City,36,1983,4,3,347,0,0,0,0,0,0,0,0,0,0,0,0,0,0,0,0,0,0,0,Matches
Armando Broja\Armando-Broja,al ALB,FW,Chelsea,17,2001,1,0,5,0,0,0,0,0,0,0,0,0,0,0,0,0,0,0,0,0,0,0,Matches
David Brooks\David-Brooks,wal WAL,MF,Bournemouth,22,1997,9,8,506,1,0,0,0,1,0,0.18,0,0.18,0.18,0.18,0.8,0.8,0.4,0.14,0.07,0.21,0.14,0.21,Matches
Josh Brownhill\Josh-Brownhill,eng ENG,MF,Burnley,23,1995,10,9,805,0,0,0,0,2,0,0,0,0,0,0,0.5,0.5,0.1,0.05,0.02,0.07,0.05,0.07,Matches
Emi Buendía\Emi-Buendia,ar ARG,FWMF,Norwich City,22,1996,36,28,2464,1,7,0,0,6,1,0.04,0.26,0.29,0.04,0.29,2.3,2.3,7.2,0.08,0.26,0.35,0.08,0.35,Matches
Dan Burn\Dan-Burn,eng ENG,DF,Brighton,27,1992,34,33,2880,0,0,0,0,5,0,0,0,0,0,0,1.3,1.3,1.2,0.04,0.04,0.08,0.04,0.08,Matches
Sam Byram\Sam-Byram,eng ENG,DF,Norwich City,25,1993,17,15,1293,0,0,0,0,4,0,0,0,0,0,0,1.1,1.1,0.5,0.08,0.04,0.12,0.08,0.12,Matches
Willy Caballero\Willy-Caballero,ar ARG,GK,Chelsea,37,1981,5,5,450,0,0,0,0,0,0,0,0,0,0,0,0,0,0,0,0,0,0,0,Matches
Gary Cahill\Gary-Cahill,eng ENG,DF,Crystal Palace,33,1985,25,25,2167,0,1,0,0,1,0,0,0.04,0.04,0,0.04,1.2,1.2,0.2,0.05,0.01,0.06,0.05,0.06,Matches
Dominic Calvert-Lewin\Dominic-Calvert-Lewin,eng ENG,FW,Everton,22,1997,36,30,2626,13,1,0,0,9,0,0.45,0.03,0.48,0.45,0.48,13.9,13.9,1,0.48,0.03,0.51,0.48,0.51,Matches
Víctor Camarasa\Victor-Camarasa,es ESP,MF,Crystal Palace,25,1994,1,0,6,0,0,0,0,0,0,0,0,0,0,0,0,0,0,0,0,0,0,0,Matches
João Cancelo\Joao-Cancelo,pt POR,DF,Manchester City,25,1994,17,13,1208,0,0,0,0,4,0,0,0,0,0,0,0.5,0.5,1.7,0.04,0.13,0.16,0.04,0.16,Matches
Todd Cantwell\Todd-Cantwell,eng ENG,FWMF,Norwich City,21,1998,37,30,2489,6,2,0,0,6,0,0.22,0.07,0.29,0.22,0.29,5.9,5.9,2.7,0.21,0.1,0.31,0.21,0.31,Matches
Étienne Capoue\Etienne-Capoue,fr FRA,MF,Watford,31,1988,30,30,2627,0,3,0,0,8,0,0,0.1,0.1,0,0.1,0.8,0.8,3,0.03,0.1,0.13,0.03,0.13,Matches
Andy Carroll\Andy-Carroll,eng ENG,FW,Newcastle Utd,30,1989,19,4,632,0,4,0,0,1,0,0,0.57,0.57,0,0.57,0.9,0.9,1.7,0.13,0.24,0.36,0.13,0.36,Matches
Jonny Castro\Jonny-Castro,es ESP,DF,Wolves,25,1994,35,33,2887,2,2,0,0,4,0,0.06,0.06,0.12,0.06,0.12,1.3,1.3,0.9,0.04,0.03,0.07,0.04,0.07,Matches
Craig Cathcart\Craig-Cathcart,nir NIR,DF,Watford,30,1989,29,28,2488,0,0,0,0,7,0,0,0,0,0,0,0.3,0.3,0,0.01,0,0.01,0.01,0.01,Matches
Dani Ceballos\Dani-Ceballos,es ESP,MF,Arsenal,22,1996,24,18,1692,0,2,0,0,1,0,0,0.11,0.11,0,0.11,0.5,0.5,1.8,0.03,0.1,0.12,0.03,0.12,Matches
Nathaniel Chalobah\Nathaniel-Chalobah,eng ENG,MF,Watford,24,1994,22,10,930,0,1,0,0,1,0,0,0.1,0.1,0,0.1,0.5,0.5,1.2,0.05,0.12,0.17,0.05,0.17,Matches
Calum Chambers\Calum-Chambers,eng ENG,DF,Arsenal,24,1995,14,13,1102,1,1,0,0,5,0,0.08,0.08,0.16,0.08,0.16,0.8,0.8,0.7,0.06,0.06,0.12,0.06,0.12,Matches
Ben Chilwell\Ben-Chilwell,eng ENG,DF,Leicester City,22,1996,27,27,2373,3,3,0,0,3,0,0.11,0.11,0.23,0.11,0.23,0.9,0.9,3.5,0.04,0.13,0.17,0.04,0.17,Matches
Tahith Chong\Tahith-Chong,nl NED,FWMF,Manchester Utd,19,1999,3,0,37,0,0,0,0,0,0,0,0,0,0,0,0.1,0.1,0,0.13,0,0.13,0.13,0.13,Matches
Hamza Choudhury\Hamza-Choudhury,eng ENG,MF,Leicester City,21,1997,20,10,893,1,1,0,0,4,1,0.1,0.1,0.2,0.1,0.2,0.5,0.5,0.1,0.05,0.01,0.05,0.05,0.05,Matches
Andreas Christensen\Andreas-Christensen,dk DEN,DF,Chelsea,23,1996,21,21,1751,0,0,0,0,5,0,0,0,0,0,0,0.7,0.7,1.1,0.04,0.06,0.09,0.04,0.09,Matches
Ciaran Clark\Ciaran-Clark,ie IRL,DF,Newcastle Utd,29,1989,14,14,1186,2,0,0,0,3,0,0.15,0,0.15,0.15,0.15,1.3,1.3,0,0.1,0,0.1,0.1,0.1,Matches
Leon Clarke\Leon-Clarke,eng ENG,FWMF,Sheffield Utd,34,1985,2,0,35,0,0,0,0,0,0,0,0,0,0,0,0.4,0.4,0,1,0,1,1,1,Matches
Tom Cleverley\Tom-Cleverley,eng ENG,MF,Watford,29,1989,18,11,971,1,0,0,0,2,0,0.09,0,0.09,0.09,0.09,1.6,1.6,0.5,0.14,0.05,0.19,0.14,0.19,Matches
Conor Coady\Conor-Coady,eng ENG,DF,Wolves,26,1993,38,38,3420,0,0,0,0,5,0,0,0,0,0,0,0,0,0.7,0,0.02,0.02,0,0.02,Matches
Séamus Coleman\Seamus-Coleman,ie IRL,DF,Everton,30,1988,27,21,1839,0,1,0,0,5,1,0,0.05,0.05,0,0.05,0.7,0.7,0.5,0.03,0.02,0.06,0.03,0.06,Matches
Aaron Connolly\Aaron-Connolly,ie IRL,FW,Brighton,19,2000,24,14,1258,3,1,0,0,0,0,0.21,0.07,0.29,0.21,0.29,3.1,3.1,0.3,0.22,0.02,0.24,0.22,0.24,Matches
Lewis Cook\Lewis-Cook,eng ENG,MF,Bournemouth,22,1997,27,14,1352,0,0,0,0,5,0,0,0,0,0,0,0.3,0.3,0.9,0.02,0.06,0.08,0.02,0.08,Matches
Steve Cook\Steve-Cook,eng ENG,DF,Bournemouth,28,1991,29,28,2428,1,0,0,0,6,1,0.04,0,0.04,0.04,0.04,0.8,0.8,0.3,0.03,0.01,0.04,0.03,0.04,Matches
Jack Cork\Jack-Cork,eng ENG,MF,Burnley,30,1989,30,30,2613,0,0,0,0,1,0,0,0,0,0,0,1.7,1.7,0.7,0.06,0.02,0.08,0.06,0.08,Matches
Aaron Cresswell\Aaron-Cresswell,eng ENG,DF,West Ham,29,1989,31,31,2727,3,0,0,0,7,0,0.1,0,0.1,0.1,0.1,1.2,1.2,2,0.04,0.06,0.1,0.04,0.1,Matches
Patrick Cutrone\Patrick-Cutrone,it ITA,FW,Wolves,21,1998,12,3,297,2,0,0,0,0,0,0.61,0,0.61,0.61,0.61,2.4,2.4,0,0.73,0.01,0.74,0.73,0.74,Matches
Diogo Dalot\Diogo-Dalot,pt POR,DF,Manchester Utd,20,1999,4,1,67,0,0,0,0,0,0,0,0,0,0,0,0.2,0.2,0,0.22,0,0.22,0.22,0.22,Matches
Charlie Daniels\Charlie-Daniels,eng ENG,DF,Bournemouth,32,1986,2,2,126,0,0,0,0,0,0,0,0,0,0,0,0,0,0.1,0,0.05,0.05,0,0.05,Matches
Scott Dann\Scott-Dann,eng ENG,DF,Crystal Palace,32,1987,16,14,1266,0,1,0,0,0,0,0,0.07,0.07,0,0.07,0.4,0.4,0.5,0.03,0.03,0.06,0.03,0.06,Matches
Kevin Danso\Kevin-Danso,at AUT,DF,Southampton,20,1998,6,3,277,0,1,0,0,2,1,0,0.32,0.32,0,0.32,0.1,0.1,0.2,0.03,0.07,0.1,0.03,0.1,Matches
Ben Davies\Ben-Davies,wal WAL,DF,Tottenham,26,1993,18,16,1431,0,0,0,0,6,0,0,0,0,0,0,0.2,0.2,0.6,0.01,0.04,0.05,0.01,0.05,Matches
Tom Davies\Tom-Davies,eng ENG,MF,Everton,21,1998,30,23,2027,1,0,0,0,8,0,0.04,0,0.04,0.04,0.04,1.9,1.9,0.3,0.08,0.01,0.1,0.08,0.1,Matches
Keinan Davis\Keinan-Davis,eng ENG,FW,Aston Villa,21,1998,18,4,548,0,0,0,0,0,0,0,0,0,0,0,1.9,1.9,0.2,0.32,0.04,0.35,0.32,0.35,Matches
Craig Dawson\Craig-Dawson,eng ENG,DF,Watford,29,1990,29,26,2361,2,0,0,0,6,0,0.08,0,0.08,0.08,0.08,2.1,2.1,0.3,0.08,0.01,0.09,0.08,0.09,Matches
Kevin De Bruyne\Kevin-De-Bruyne,be BEL,MF,Manchester City,28,1991,35,32,2791,13,20,2,2,3,0,0.42,0.64,1.06,0.35,1,7.6,6.1,18.4,0.24,0.59,0.84,0.2,0.79,Matches
Troy Deeney\Troy-Deeney,eng ENG,FW,Watford,31,1988,27,26,2225,10,2,5,6,3,0,0.4,0.08,0.49,0.2,0.28,9.8,5.3,3.4,0.4,0.14,0.53,0.21,0.35,Matches
Fabian Delph\Fabian-Delph,eng ENG,MF,Everton,29,1989,16,13,1190,0,0,0,0,5,1,0,0,0,0,0,0.1,0.1,0.3,0.01,0.02,0.03,0.01,0.03,Matches
Leander Dendoncker\Leander-Dendoncker,be BEL,MFDF,Wolves,24,1995,38,32,2795,4,0,0,0,5,0,0.13,0,0.13,0.13,0.13,1.7,1.7,0.6,0.05,0.02,0.07,0.05,0.07,Matches
Gerard Deulofeu\Gerard-Deulofeu,es ESP,FW,Watford,25,1994,28,25,2098,4,5,1,1,3,0,0.17,0.21,0.39,0.13,0.34,5.2,4.5,4.6,0.22,0.2,0.42,0.19,0.39,Matches
Eric Dier\Eric-Dier,eng ENG,DFMF,Tottenham,25,1994,19,15,1344,0,2,0,0,5,0,0,0.13,0.13,0,0.13,1,1,0.1,0.07,0.01,0.07,0.07,0.07,Matches
Lucas Digne\Lucas-Digne,fr FRA,DF,Everton,26,1993,35,35,3030,0,7,0,0,6,0,0,0.21,0.21,0,0.21,1.5,1.5,5.7,0.04,0.17,0.21,0.04,0.21,Matches
Virgil van Dijk\Virgil-van-Dijk,nl NED,DF,Liverpool,28,1991,38,38,3420,5,1,0,0,1,0,0.13,0.03,0.16,0.13,0.16,2.7,2.7,1.3,0.07,0.03,0.11,0.07,0.11,Matches
Issa Diop\Issa-Diop,fr FRA,DF,West Ham,22,1997,32,31,2766,3,1,0,0,8,0,0.1,0.03,0.13,0.1,0.13,1.5,1.5,0.8,0.05,0.03,0.08,0.05,0.08,Matches
Moussa Djenepo\Moussa-Djenepo,ml MLI,MFDF,Southampton,21,1998,18,10,928,2,2,0,0,4,1,0.19,0.19,0.39,0.19,0.39,2.5,2.5,1.3,0.24,0.12,0.37,0.24,0.37,Matches
Matt Doherty\Matt-Doherty,ie IRL,DF,Wolves,27,1992,36,32,2839,4,3,0,0,1,0,0.13,0.1,0.22,0.13,0.22,5.1,5.1,1.7,0.16,0.05,0.22,0.16,0.22,Matches
Abdoulaye Doucouré\Abdoulaye-Doucoure,fr FRA,MF,Watford,26,1993,37,36,3156,4,2,0,0,9,0,0.11,0.06,0.17,0.11,0.17,5,5,2.6,0.14,0.08,0.22,0.14,0.22,Matches
Thomas Doyle\Thomas-Doyle,eng ENG,MFFW,Manchester City,17,2001,1,0,16,0,0,0,0,0,0,0,0,0,0,0,0.1,0.1,0,0.46,0,0.46,0.46,0.46,Matches
Danny Drinkwater\Danny-Drinkwater,eng ENG,MF,Burnley,29,1990,1,1,58,0,0,0,0,0,0,0,0,0,0,0,0,0,0,0,0,0,0,0,Matches
Danny Drinkwater\Danny-Drinkwater,eng ENG,MF,Aston Villa,29,1990,4,4,259,0,0,0,0,1,0,0,0,0,0,0,0.1,0.1,0,0.03,0.01,0.04,0.03,0.04,Matches
Josip Drmić\Josip-Drmic,ch SUI,FWMF,Norwich City,26,1992,21,5,647,1,0,0,0,0,1,0.14,0,0.14,0.14,0.14,2.6,2.6,0.4,0.36,0.06,0.42,0.36,0.42,Matches
Martin Dúbravka\Martin-Dubravka,sk SVK,GK,Newcastle Utd,30,1989,38,38,3420,0,0,0,0,0,0,0,0,0,0,0,0,0,0,0,0,0,0,0,Matches
Ondrej Duda\Ondrej-Duda,sk SVK,MF,Norwich City,24,1994,10,9,724,0,0,0,0,0,0,0,0,0,0,0,0.8,0.8,1,0.1,0.13,0.23,0.1,0.23,Matches
Shane Duffy\Shane-Duffy,ie IRL,DF,Brighton,27,1992,19,12,1238,1,0,0,0,2,0,0.07,0,0.07,0.07,0.07,1.5,1.5,0,0.11,0,0.11,0.11,0.11,Matches
Paul Dummett\Paul-Dummett,wal WAL,DF,Newcastle Utd,27,1991,16,14,1228,0,0,0,0,2,0,0,0,0,0,0,0.1,0.1,0.1,0,0.01,0.01,0,0.01,Matches
Lewis Dunk\Lewis-Dunk,eng ENG,DF,Brighton,27,1991,36,36,3230,3,3,0,0,9,0,0.08,0.08,0.17,0.08,0.17,4.2,4.2,1.1,0.12,0.03,0.15,0.12,0.15,Matches
Ederson\Ederson,br BRA,GK,Manchester City,25,1993,35,35,3071,0,0,0,0,3,1,0,0,0,0,0,0,0,0.1,0,0,0,0,0,Matches
John Egan\John-Egan,ie IRL,DF,Sheffield Utd,26,1992,36,36,3187,2,0,0,0,5,1,0.06,0,0.06,0.06,0.06,2.3,2.3,0.1,0.06,0,0.07,0.06,0.07,Matches
Harvey Elliot\Harvey-Elliot,eng ENG,DF,Liverpool,16,2003,2,0,8,0,0,0,0,0,0,0,0,0,0,0,0,0,0,0,0,0,0,0,Matches
Ahmed Elmohamady\Ahmed-Elmohamady,eg EGY,DF,Aston Villa,31,1987,18,11,1031,1,1,0,0,1,0,0.09,0.09,0.17,0.09,0.17,0.2,0.2,2.6,0.02,0.23,0.25,0.02,0.25,Matches
Björn Engels\Bjorn-Engels,be BEL,DF,Aston Villa,24,1994,17,15,1447,1,0,0,0,1,0,0.06,0,0.06,0.06,0.06,0.8,0.8,0.1,0.05,0,0.05,0.05,0.05,Matches
Christian Eriksen\Christian-Eriksen,dk DEN,MFFW,Tottenham,27,1992,20,10,1097,2,2,0,0,5,0,0.16,0.16,0.33,0.16,0.33,1.9,1.9,1.9,0.16,0.16,0.32,0.16,0.32,Matches
Jonny Evans\Jonny-Evans,nir NIR,DF,Leicester City,31,1988,38,38,3383,1,1,0,0,8,1,0.03,0.03,0.05,0.03,0.05,2.6,2.6,0.6,0.07,0.01,0.08,0.07,0.08,Matches
Łukasz Fabiański\Lukasz-Fabianski,pl POL,GK,West Ham,34,1985,25,25,2117,0,0,0,0,1,0,0,0,0,0,0,0,0,0,0,0,0,0,0,Matches
Fabinho\Fabinho,br BRA,MF,Liverpool,25,1993,28,22,2079,2,3,0,0,6,0,0.09,0.13,0.22,0.09,0.22,0.4,0.4,1.8,0.02,0.08,0.09,0.02,0.09,Matches
Ralf Fährmann\Ralf-Fahrmann,de GER,GK,Norwich City,30,1988,1,1,21,0,0,0,0,0,0,0,0,0,0,0,0,0,0,0,0,0,0,0,Matches
Akin Famewo\Akin-Famewo,eng ENG,MF,Norwich City,20,1998,1,0,1,0,0,0,0,0,0,0,0,0,0,0,0,0,0,0,0,0,0,0,Matches
Kiko Femenía\Kiko-Femenia,es ESP,DF,Watford,28,1991,28,26,2237,0,0,0,0,5,0,0,0,0,0,0,0.1,0.1,1.6,0,0.06,0.07,0,0.07,Matches
Bruno Fernandes\Bruno-Fernandes,pt POR,MF,Manchester Utd,24,1994,14,14,1186,8,7,4,4,2,0,0.61,0.53,1.14,0.3,0.83,5.9,2.8,2.6,0.45,0.19,0.64,0.22,0.41,Matches
Gedson Fernandes\Gedson-Fernandes,pt POR,MFDF,Tottenham,20,1999,7,0,68,0,0,0,0,0,0,0,0,0,0,0,0,0,0.2,0.06,0.22,0.28,0.06,0.28,Matches
Federico Fernández\Federico-Fernandez,ar ARG,DF,Newcastle Utd,30,1989,32,29,2620,2,2,0,0,8,0,0.07,0.07,0.14,0.07,0.14,1.7,1.7,0.2,0.06,0.01,0.07,0.06,0.07,Matches
Fernandinho\Fernandinho,br BRA,DF,Manchester City,34,1985,30,26,2397,0,1,0,0,9,2,0,0.04,0.04,0,0.04,1.1,1.1,0.6,0.04,0.02,0.06,0.04,0.06,Matches
Roberto Firmino\Roberto-Firmino,br BRA,FW,Liverpool,27,1991,38,34,2988,9,8,0,0,0,0,0.27,0.24,0.51,0.27,0.51,13.4,13.4,6,0.4,0.18,0.58,0.4,0.58,Matches
John Fleck\John-Fleck,sco SCO,MF,Sheffield Utd,27,1991,30,28,2516,5,2,0,0,8,0,0.18,0.07,0.25,0.18,0.25,3.3,3.3,3.4,0.12,0.12,0.24,0.12,0.24,Matches
Phil Foden\Phil-Foden,eng ENG,FWMF,Manchester City,19,2000,23,9,901,5,2,0,0,0,0,0.5,0.2,0.7,0.5,0.7,4.4,4.4,2,0.44,0.2,0.63,0.44,0.63,Matches
Pablo Fornals\Pablo-Fornals,es ESP,MFFW,West Ham,23,1996,36,24,2172,2,5,0,0,3,0,0.08,0.21,0.29,0.08,0.29,2.8,2.8,2.1,0.12,0.09,0.2,0.12,0.2,Matches
Ben Foster\Ben-Foster,eng ENG,GK,Watford,36,1983,38,38,3420,0,0,0,0,1,0,0,0,0,0,0,0.1,0.1,0,0,0,0,0,0,Matches
Timothy Fosu-Mensah\Timothy-Fosu-Mensah,nl NED,DF,Manchester Utd,21,1998,3,2,136,0,0,0,0,1,0,0,0,0,0,0,0.1,0.1,0.1,0.04,0.08,0.13,0.04,0.13,Matches
Dimitri Foulquier\Dimitri-Foulquier,fr FRA,MFDF,Watford,26,1993,3,1,59,0,0,0,0,0,0,0,0,0,0,0,0,0,0,0,0.03,0.03,0,0.03,Matches
Juan Foyth\Juan-Foyth,ar ARG,DF,Tottenham,21,1998,4,1,68,0,0,0,0,1,0,0,0,0,0,0,0,0,0,0,0.02,0.02,0,0.02,Matches
Simon Francis\Simon-Francis,eng ENG,DF,Bournemouth,34,1985,15,10,969,0,0,0,0,5,1,0,0,0,0,0,0.2,0.2,0.3,0.02,0.03,0.04,0.02,0.04,Matches
Ryan Fraser\Ryan-Fraser,sco SCO,MFFW,Bournemouth,25,1994,28,21,2067,1,4,0,0,2,0,0.04,0.17,0.22,0.04,0.22,3.2,3.2,4.1,0.14,0.18,0.32,0.14,0.32,Matches
Fred\Fred,br BRA,MF,Manchester Utd,26,1993,29,23,2163,0,0,0,0,8,0,0,0,0,0,0,1.9,1.9,2.5,0.08,0.1,0.18,0.08,0.18,Matches
Ryan Fredericks\Ryan-Fredericks,eng ENG,DF,West Ham,26,1992,27,25,2237,0,3,0,0,7,0,0,0.12,0.12,0,0.12,0.2,0.2,2.4,0.01,0.1,0.1,0.01,0.1,Matches
Kieron Freeman\Kieron-Freeman,wal WAL,FW,Sheffield Utd,27,1992,2,0,7,0,0,0,0,0,0,0,0,0,0,0,0,0,0,0,0,0,0,0,Matches
Luke Freeman\Luke-Freeman,eng ENG,MF,Sheffield Utd,27,1992,11,3,366,0,0,0,0,2,0,0,0,0,0,0,0.1,0.1,0.3,0.01,0.07,0.08,0.01,0.08,Matches
Christian Fuchs\Christian-Fuchs,at AUT,DF,Leicester City,33,1986,11,8,772,0,0,0,0,0,0,0,0,0,0,0,0.2,0.2,0.1,0.02,0.01,0.03,0.02,0.03,Matches
Eric García\Eric-Garcia,es ESP,DF,Manchester City,18,2001,13,8,793,0,0,0,0,1,0,0,0,0,0,0,0.6,0.6,0.2,0.07,0.02,0.09,0.07,0.09,Matches
James Garner\James-Garner,eng ENG,MF,Manchester Utd,18,2001,1,0,9,0,0,0,0,0,0,0,0,0,0,0,0,0,0,0,0,0,0,0,Matches
Dwight Gayle\Dwight-Gayle,eng ENG,FW,Newcastle Utd,28,1990,20,10,850,4,2,0,0,2,0,0.42,0.21,0.64,0.42,0.64,4.5,4.5,0.8,0.48,0.08,0.56,0.48,0.56,Matches
Paulo Gazzaniga\Paulo-Gazzaniga,ar ARG,GK,Tottenham,27,1992,18,17,1613,0,0,0,0,1,0,0,0,0,0,0,0,0,0.3,0,0.02,0.02,0,0.02,Matches
Jean-Philippe Gbamin\Jean-Philippe-Gbamin,ci CIV,MF,Everton,23,1995,2,1,136,0,0,0,0,0,0,0,0,0,0,0,0,0,0,0,0,0,0,0,Matches
David de Gea\David-de-Gea,es ESP,GK,Manchester Utd,28,1990,38,38,3420,0,0,0,0,2,0,0,0,0,0,0,0,0,0,0,0,0,0,0,Matches
Anwar El Ghazi\Anwar-El-Ghazi,nl NED,FWMF,Aston Villa,24,1995,34,26,2051,4,4,1,1,3,0,0.18,0.18,0.35,0.13,0.31,5.8,5.1,2.8,0.26,0.12,0.38,0.22,0.34,Matches
Morgan Gibbs-White\Morgan-Gibbs-White,eng ENG,MFFW,Wolves,19,2000,7,1,129,0,0,0,0,0,0,0,0,0,0,0,0.1,0.1,0.1,0.05,0.07,0.12,0.05,0.12,Matches
Billy Gilmour\Billy-Gilmour,sco SCO,MF,Chelsea,18,2001,6,2,194,0,0,0,0,0,0,0,0,0,0,0,0,0,0.1,0.01,0.06,0.08,0.01,0.08,Matches
Olivier Giroud\Olivier-Giroud,fr FRA,FW,Chelsea,32,1986,18,12,993,8,0,0,0,1,0,0.73,0,0.73,0.73,0.73,6.7,6.7,1.3,0.61,0.12,0.73,0.61,0.73,Matches
Ben Godfrey\Ben-Godfrey,eng ENG,DF,Norwich City,21,1998,30,30,2644,0,0,0,0,3,1,0,0,0,0,0,0.8,0.8,0.1,0.03,0,0.03,0.03,0.03,Matches
André Gomes\Andre-Gomes,pt POR,MF,Everton,26,1993,19,17,1458,0,1,0,0,6,0,0,0.06,0.06,0,0.06,0.2,0.2,0.8,0.02,0.05,0.06,0.02,0.06,Matches
Angel Gomes\Angel-Gomes,eng ENG,MF,Manchester Utd,18,2000,2,0,21,0,0,0,0,0,0,0,0,0,0,0,0,0,0.1,0,0.54,0.54,0,0.54,Matches
Joe Gomez\Joe-Gomez,eng ENG,DF,Liverpool,22,1997,28,22,2004,0,0,0,0,7,0,0,0,0,0,0,0,0,0.2,0,0.01,0.01,0,0.01,Matches
Anthony Gordon\Anthony-Gordon,eng ENG,MFFW,Everton,18,2001,11,4,440,0,1,0,0,0,0,0,0.2,0.2,0,0.2,0.3,0.3,0.4,0.05,0.07,0.12,0.05,0.12,Matches
Dan Gosling\Dan-Gosling,eng ENG,MF,Bournemouth,29,1990,24,14,1264,3,1,0,0,3,0,0.21,0.07,0.28,0.21,0.28,2.1,2.1,1,0.15,0.07,0.22,0.15,0.22,Matches
Andre Gray\Andre-Gray,eng ENG,FW,Watford,28,1991,23,7,755,2,0,0,0,1,0,0.24,0,0.24,0.24,0.24,2.9,2.9,1.6,0.35,0.19,0.54,0.35,0.54,Matches
Demarai Gray\Demarai-Gray,eng ENG,MFFW,Leicester City,23,1996,21,3,622,2,3,0,1,1,0,0.29,0.43,0.72,0.29,0.72,2.5,1.7,1.6,0.36,0.23,0.59,0.25,0.48,Matches
Jack Grealish\Jack-Grealish,eng ENG,FWMF,Aston Villa,23,1995,36,36,3233,8,6,0,1,8,0,0.22,0.17,0.39,0.22,0.39,6.4,5.6,6.9,0.18,0.19,0.37,0.16,0.35,Matches
Mason Greenwood\Mason-Greenwood,eng ENG,FW,Manchester Utd,17,2001,31,12,1320,10,1,0,0,0,0,0.68,0.07,0.75,0.68,0.75,3.7,3.7,0.7,0.25,0.05,0.3,0.25,0.3,Matches
Arnaut Groeneveld\Arnaut-Groeneveld,nl NED,MF,Bournemouth,22,1997,14,6,630,0,0,0,0,0,0,0,0,0,0,0,1.2,1.2,0.3,0.16,0.04,0.2,0.16,0.2,Matches
Pascal Groß\Pascal-Gross,de GER,FWMF,Brighton,28,1991,29,22,1796,2,4,0,0,4,0,0.1,0.2,0.3,0.1,0.3,1.8,1.8,5.1,0.09,0.26,0.35,0.09,0.35,Matches
Vicente Guaita\Vicente-Guaita,es ESP,GK,Crystal Palace,32,1987,35,35,3150,0,0,0,0,1,0,0,0,0,0,0,0,0,0,0,0,0,0,0,Matches
Mattéo Guendouzi\Matteo-Guendouzi,fr FRA,MF,Arsenal,20,1999,24,19,1748,0,1,0,0,6,0,0,0.05,0.05,0,0.05,0.7,0.7,1.3,0.03,0.07,0.1,0.03,0.1,Matches
Frederic Guilbert\Frederic-Guilbert,fr FRA,DF,Aston Villa,24,1994,25,22,2041,0,2,0,0,7,0,0,0.09,0.09,0,0.09,0.4,0.4,1.4,0.02,0.06,0.08,0.02,0.08,Matches
İlkay Gündoğan\Ilkay-Gundogan,de GER,MF,Manchester City,28,1990,31,21,2020,2,1,1,2,7,0,0.09,0.04,0.13,0.04,0.09,4.5,3,2.8,0.2,0.12,0.32,0.13,0.26,Matches
Angus Gunn\Angus-Gunn,eng ENG,GK,Southampton,23,1996,10,10,900,0,0,0,0,0,0,0,0,0,0,0,0,0,0,0,0,0,0,0,Matches
Sébastien Haller\Sebastien-Haller,fr FRA,FW,West Ham,25,1994,32,24,2266,7,1,0,0,1,0,0.28,0.04,0.32,0.28,0.32,7.7,7.7,1.9,0.31,0.08,0.38,0.31,0.38,Matches
Grant Hanley\Grant-Hanley,sco SCO,DF,Norwich City,27,1991,15,14,1262,0,0,0,0,4,0,0,0,0,0,0,0.5,0.5,0,0.03,0,0.03,0.03,0.03,Matches
Kortney Hause\Kortney-Hause,eng ENG,DF,Aston Villa,24,1995,18,17,1545,1,0,0,0,3,0,0.06,0,0.06,0.06,0.06,2.2,2.2,0.2,0.13,0.01,0.14,0.13,0.14,Matches
Isaac Hayden\Isaac-Hayden,eng ENG,MF,Newcastle Utd,24,1995,29,26,2223,1,2,0,0,4,1,0.04,0.08,0.12,0.04,0.12,1.2,1.2,1.5,0.05,0.06,0.11,0.05,0.11,Matches
Tom Heaton\Tom-Heaton,eng ENG,GK,Aston Villa,33,1986,20,20,1794,0,0,0,0,0,0,0,0,0,0,0,0,0,0,0,0,0,0,0,Matches
Dean Henderson\Dean-Henderson,eng ENG,GK,Sheffield Utd,22,1997,36,36,3240,0,0,0,0,2,0,0,0,0,0,0,0,0,0,0,0,0,0,0,Matches
Jordan Henderson\Jordan-Henderson,eng ENG,MF,Liverpool,29,1990,30,26,2238,4,5,0,0,2,0,0.16,0.2,0.36,0.16,0.36,1.4,1.4,3,0.06,0.12,0.17,0.06,0.17,Matches
Jeff Hendrick\Jeff-Hendrick,ie IRL,MF,Burnley,27,1992,24,22,1931,2,2,0,0,8,0,0.09,0.09,0.19,0.09,0.19,1.6,1.6,0.8,0.07,0.04,0.11,0.07,0.11,Matches
Wayne Hennessey\Wayne-Hennessey,wal WAL,GK,Crystal Palace,32,1987,3,3,270,0,0,0,0,0,0,0,0,0,0,0,0,0,0,0,0,0,0,0,Matches
Javier Hernández\Javier-Hernandez,mx MEX,FW,West Ham,31,1988,2,1,107,1,0,0,0,0,0,0.84,0,0.84,0.84,0.84,0.7,0.7,0,0.62,0,0.62,0.62,0.62,Matches
Onel Hernández\Onel-Hernandez,cu CUB,FWMF,Norwich City,26,1993,26,14,1384,1,2,0,0,0,0,0.07,0.13,0.2,0.07,0.2,2.6,2.6,0.9,0.17,0.06,0.23,0.17,0.23,Matches
Son Heung-min\Son-Heung-min,kr KOR,FWMF,Tottenham,27,1992,30,28,2476,11,10,0,1,0,2,0.4,0.36,0.76,0.4,0.76,8.7,7.8,6.8,0.31,0.25,0.56,0.28,0.53,Matches
George Hirst\George-Hirst,eng ENG,FW,Leicester City,20,1999,2,0,11,0,0,0,0,0,0,0,0,0,0,0,0.1,0.1,0,0.96,0,0.96,0.96,0.96,Matches
Rob Holding\Rob-Holding,eng ENG,DF,Arsenal,23,1995,8,6,581,0,0,0,0,1,0,0,0,0,0,0,0.1,0.1,0,0.01,0,0.01,0.01,0.01,Matches
José Holebas\Jose-Holebas,gr GRE,DF,Watford,35,1984,14,11,1025,0,0,0,0,5,0,0,0,0,0,0,0.5,0.5,0.7,0.05,0.06,0.11,0.05,0.11,Matches
Mason Holgate\Mason-Holgate,eng ENG,DF,Everton,22,1996,27,24,2054,0,3,0,0,5,0,0,0.13,0.13,0,0.13,2.2,2.2,0.4,0.1,0.02,0.12,0.1,0.12,Matches
Nathan Holland\Nathan-Holland,eng ENG,MF,West Ham,21,1998,2,0,33,0,0,0,0,0,0,0,0,0,0,0,0,0,0,0.13,0,0.13,0.13,0.13,Matches
Conor Hourihane\Conor-Hourihane,ie IRL,MF,Aston Villa,28,1991,27,18,1534,3,5,0,0,4,0,0.18,0.29,0.47,0.18,0.47,1.7,1.7,5.2,0.1,0.3,0.4,0.1,0.4,Matches
Callum Hudson-Odoi\Callum-Hudson-Odoi,eng ENG,FW,Chelsea,18,2000,22,7,863,1,5,0,0,1,0,0.1,0.52,0.63,0.1,0.63,1.7,1.7,2.8,0.17,0.29,0.46,0.17,0.46,Matches
Will Hughes\Will-Hughes,eng ENG,MFFW,Watford,24,1995,30,27,2252,1,1,0,0,9,0,0.04,0.04,0.08,0.04,0.08,2.7,2.7,1.3,0.11,0.05,0.16,0.11,0.16,Matches
Pierre Højbjerg\Pierre-Hojbjerg,dk DEN,MF,Southampton,23,1995,33,30,2752,0,1,0,0,5,0,0,0.03,0.03,0,0.03,2.6,2.6,2,0.09,0.07,0.15,0.09,0.15,Matches
Jordon Ibe\Jordon-Ibe,eng ENG,DF,Bournemouth,23,1995,2,0,50,0,0,0,0,0,0,0,0,0,0,0,0,0,0,0,0,0,0,0,Matches
Adam Idah\Adam-Idah,ie IRL,FWMF,Norwich City,18,2001,12,1,228,0,0,0,0,0,0,0,0,0,0,0,1,1,0,0.39,0.01,0.4,0.39,0.4,Matches
Odion Ighalo\Odion-Ighalo,ng NGA,FW,Manchester Utd,30,1989,11,0,101,0,0,0,0,0,0,0,0,0,0,0,1.5,1.5,0.2,1.32,0.15,1.48,1.32,1.48,Matches
Kelechi Iheanacho\Kelechi-Iheanacho,ng NGA,FW,Leicester City,22,1996,20,12,960,5,3,0,0,1,0,0.47,0.28,0.75,0.47,0.75,4.8,4.8,2.5,0.45,0.23,0.68,0.45,0.68,Matches
Danny Ings\Danny-Ings,eng ENG,FW,Southampton,27,1992,38,32,2804,22,2,1,2,3,0,0.71,0.06,0.77,0.67,0.74,17,15.4,2.7,0.54,0.09,0.63,0.5,0.58,Matches
Alex Iwobi\Alex-Iwobi,ng NGA,MFFW,Everton,23,1996,25,19,1596,1,0,0,0,0,0,0.06,0,0.06,0.06,0.06,2.3,2.3,2.3,0.13,0.13,0.26,0.13,0.26,Matches
Phil Jagielka\Phil-Jagielka,eng ENG,DF,Sheffield Utd,36,1982,6,2,244,0,0,0,0,0,0,0,0,0,0,0,0,0,0,0,0,0,0,0,Matches
Alireza Jahanbakhsh\Alireza-Jahanbakhsh,ir IRN,FWMF,Brighton,25,1993,10,3,311,2,0,0,0,0,0,0.58,0,0.58,0.58,0.58,0.5,0.5,0,0.15,0.01,0.17,0.15,0.17,Matches
Daniel James\Daniel-James,wal WAL,FW,Manchester Utd,21,1997,33,26,2287,3,6,0,0,4,0,0.12,0.24,0.35,0.12,0.35,3.6,3.6,4,0.14,0.16,0.3,0.14,0.3,Matches
Matty James\Matty-James,eng ENG,MF,Leicester City,28,1991,1,0,6,0,0,0,0,0,0,0,0,0,0,0,0,0,0,0,0,0,0,0,Matches
Reece James\Reece-James,eng ENG,DF,Chelsea,19,1999,24,16,1515,0,2,0,0,1,0,0,0.12,0.12,0,0.12,0.8,0.8,3.4,0.05,0.2,0.25,0.05,0.25,Matches
Daryl Janmaat\Daryl-Janmaat,nl NED,DF,Watford,30,1989,8,7,607,0,1,0,0,1,0,0,0.15,0.15,0,0.15,0.3,0.3,0.4,0.05,0.07,0.11,0.05,0.11,Matches
Gabriel Jesus\Gabriel-Jesus,br BRA,FW,Manchester City,22,1997,34,21,2030,14,7,0,1,3,0,0.62,0.31,0.93,0.62,0.93,18.5,17.8,3.7,0.82,0.17,0.99,0.79,0.95,Matches
Raúl Jiménez\Raul-Jimenez,mx MEX,FW,Wolves,28,1991,38,37,3236,17,6,4,4,3,0,0.47,0.17,0.64,0.36,0.53,14.5,11.5,5.5,0.4,0.15,0.56,0.32,0.47,Matches
Joelinton\Joelinton,br BRA,FW,Newcastle Utd,22,1996,38,32,2683,2,2,0,0,7,0,0.07,0.07,0.13,0.07,0.13,4.8,4.8,2.4,0.16,0.08,0.24,0.16,0.24,Matches
Ben Johnson\Ben-Johnson,eng ENG,DF,West Ham,19,2000,3,3,270,0,0,0,0,0,0,0,0,0,0,0,0,0,0.2,0,0.05,0.06,0,0.06,Matches
Curtis Jones\Curtis-Jones,eng ENG,MF,Liverpool,18,2001,6,1,126,1,0,0,0,0,0,0.71,0,0.71,0.71,0.71,0.9,0.9,0,0.63,0,0.63,0.63,0.63,Matches
Phil Jones\Phil-Jones,eng ENG,DF,Manchester Utd,27,1992,2,2,135,0,0,0,0,0,0,0,0,0,0,0,0.2,0.2,0,0.1,0,0.1,0.1,0.1,Matches
Bruno Jordão\Bruno-Jordao,pt POR,FW,Wolves,20,1998,1,0,7,0,0,0,0,0,0,0,0,0,0,0,0,0,0,0,0,0,0,0,Matches
Jorginho\Jorginho,it ITA,MF,Chelsea,27,1991,31,27,2379,4,2,3,3,10,0,0.15,0.08,0.23,0.04,0.11,3.4,1.1,2.4,0.13,0.09,0.22,0.04,0.13,Matches
Jota\Jota,es ESP,FWMF,Aston Villa,28,1991,10,4,335,0,1,0,0,0,0,0,0.27,0.27,0,0.27,0.2,0.2,0.7,0.06,0.18,0.24,0.06,0.24,Matches
Diogo Jota\Diogo-Jota,pt POR,FWMF,Wolves,22,1996,34,27,2284,7,1,0,0,4,0,0.28,0.04,0.32,0.28,0.32,9.7,9.7,3.8,0.38,0.15,0.53,0.38,0.53,Matches
James Justin\James-Justin,eng ENG,DF,Leicester City,21,1998,13,11,1012,0,1,0,0,1,0,0,0.09,0.09,0,0.09,0.3,0.3,1.2,0.03,0.11,0.14,0.03,0.14,Matches
Christian Kabasele\Christian-Kabasele,be BEL,DF,Watford,28,1991,27,26,2250,0,2,0,0,3,2,0,0.08,0.08,0,0.08,1.1,1.1,0.5,0.04,0.02,0.06,0.04,0.06,Matches
Harry Kane\Harry-Kane,eng ENG,FW,Tottenham,26,1993,29,29,2587,18,2,2,2,4,0,0.63,0.07,0.7,0.56,0.63,10.6,9.1,2.5,0.37,0.09,0.45,0.32,0.4,Matches
N'Golo Kanté\NGolo-Kante,fr FRA,MF,Chelsea,28,1991,22,20,1732,3,0,0,0,4,0,0.16,0,0.16,0.16,0.16,1.5,1.5,2,0.08,0.11,0.19,0.08,0.19,Matches
Moise Kean\Moise-Kean,it ITA,FW,Everton,19,2000,29,6,852,2,2,0,0,1,0,0.21,0.21,0.42,0.21,0.42,4.2,4.2,1,0.45,0.11,0.56,0.45,0.56,Matches
Michael Keane\Michael-Keane,eng ENG,DF,Everton,26,1993,31,28,2559,2,0,0,0,3,0,0.07,0,0.07,0.07,0.07,1.6,1.6,0.7,0.06,0.02,0.08,0.06,0.08,Matches
Naby Keïta\Naby-Keita,gn GUI,MF,Liverpool,24,1995,18,9,815,2,3,0,0,1,0,0.22,0.33,0.55,0.22,0.55,1.6,1.6,2.2,0.17,0.25,0.42,0.17,0.42,Matches
Lloyd Kelly\Lloyd-Kelly,eng ENG,DF,Bournemouth,20,1998,8,7,639,0,0,0,0,2,0,0,0,0,0,0,0,0,0.2,0,0.03,0.03,0,0.03,Matches
Martin Kelly\Martin-Kelly,eng ENG,DF,Crystal Palace,29,1990,19,17,1549,0,1,0,0,0,0,0,0.06,0.06,0,0.06,0.1,0.1,0.9,0,0.05,0.06,0,0.06,Matches
Max Kilman\Max-Kilman,eng ENG,DF,Wolves,22,1997,3,2,185,0,0,0,0,0,0,0,0,0,0,0,0,0,0,0,0,0,0,0,Matches
Joshua King\Joshua-King,no NOR,FWMF,Bournemouth,27,1992,26,24,2011,6,4,3,3,0,0,0.27,0.18,0.45,0.13,0.31,6.5,4.3,3.7,0.29,0.17,0.46,0.19,0.36,Matches
Timm Klose\Timm-Klose,ch SUI,DF,Norwich City,31,1988,7,7,585,0,0,0,0,0,0,0,0,0,0,0,0.4,0.4,0,0.06,0,0.06,0.06,0.06,Matches
Jonathan Kodjia\Jonathan-Kodjia,ci CIV,FWMF,Aston Villa,29,1989,6,0,117,0,0,0,0,1,0,0,0,0,0,0,0.1,0.1,0,0.04,0,0.04,0.04,0.04,Matches
Sead Kolašinac\Sead-Kolasinac,ba BIH,DF,Arsenal,26,1993,26,19,1701,0,2,0,0,4,0,0,0.11,0.11,0,0.11,0.6,0.6,1,0.03,0.05,0.09,0.03,0.09,Matches
Ezri Konsa\Ezri-Konsa,eng ENG,DF,Aston Villa,21,1998,25,24,2039,1,2,0,0,3,0,0.04,0.09,0.13,0.04,0.13,1.5,1.5,0.4,0.07,0.02,0.09,0.07,0.09,Matches
Cheikhou Kouyaté\Cheikhou-Kouyate,sn SEN,MFDF,Crystal Palace,29,1989,35,29,2528,1,1,0,0,4,0,0.04,0.04,0.07,0.04,0.07,1.8,1.8,0.8,0.07,0.03,0.09,0.07,0.09,Matches
Mateo Kovačić\Mateo-Kovacic,hr CRO,MF,Chelsea,25,1994,31,23,2073,1,3,0,0,8,0,0.04,0.13,0.17,0.04,0.17,1.4,1.4,1.9,0.06,0.08,0.14,0.06,0.14,Matches
Emil Krafth\Emil-Krafth,se SWE,DF,Newcastle Utd,24,1994,17,11,1020,0,1,0,0,0,0,0,0.09,0.09,0,0.09,0.3,0.3,0.4,0.03,0.04,0.06,0.03,0.06,Matches
Tim Krul\Tim-Krul,nl NED,GK,Norwich City,31,1988,36,36,3240,0,0,0,0,4,0,0,0,0,0,0,0,0,0,0,0,0,0,0,Matches
Alexandre Lacazette\Alexandre-Lacazette,fr FRA,FW,Arsenal,28,1991,30,22,1874,10,4,0,0,8,0,0.48,0.19,0.67,0.48,0.67,8.5,8.5,3.1,0.41,0.15,0.56,0.41,0.56,Matches
Adam Lallana\Adam-Lallana,eng ENG,MFFW,Liverpool,31,1988,15,3,382,1,1,0,0,1,0,0.24,0.24,0.47,0.24,0.47,1,1,0.8,0.25,0.18,0.42,0.25,0.42,Matches
Érik Lamela\Erik-Lamela,ar ARG,MFFW,Tottenham,27,1992,25,12,1215,2,1,0,0,3,0,0.15,0.07,0.22,0.15,0.22,2.7,2.7,1.6,0.2,0.12,0.32,0.2,0.32,Matches
Tariq Lamptey\Tariq-Lamptey,eng ENG,DF,Brighton,18,2000,8,7,588,0,1,0,0,2,0,0,0.15,0.15,0,0.15,0.1,0.1,0.6,0.01,0.09,0.1,0.01,0.1,Matches
Tariq Lamptey\Tariq-Lamptey,eng ENG,DF,Chelsea,18,2000,1,0,32,0,0,0,0,0,0,0,0,0,0,0,0,0,0.1,0,0.34,0.34,0,0.34,Matches
Henri Lansbury\Henri-Lansbury,eng ENG,MF,Aston Villa,28,1990,10,2,195,0,0,0,0,0,0,0,0,0,0,0,0.1,0.1,0.1,0.05,0.03,0.09,0.05,0.09,Matches
Manuel Lanzini\Manuel-Lanzini,ar ARG,MFFW,West Ham,26,1993,24,14,1379,0,2,0,0,1,0,0,0.13,0.13,0,0.13,2,2,2.6,0.13,0.17,0.3,0.13,0.3,Matches
Aymeric Laporte\Aymeric-Laporte,fr FRA,DF,Manchester City,25,1994,15,14,1097,1,0,0,0,1,0,0.08,0,0.08,0.08,0.08,0.3,0.3,0.1,0.03,0.01,0.03,0.03,0.03,Matches
Jamaal Lascelles\Jamaal-Lascelles,eng ENG,DF,Newcastle Utd,25,1993,24,24,2076,1,0,0,0,5,0,0.04,0,0.04,0.04,0.04,0.3,0.3,0.1,0.01,0.01,0.02,0.01,0.02,Matches
Valentino Lazaro\Valentino-Lazaro,at AUT,DFMF,Newcastle Utd,23,1996,13,4,480,1,0,0,0,0,1,0.19,0,0.19,0.19,0.19,0.4,0.4,0.2,0.08,0.04,0.12,0.08,0.12,Matches
Moritz Leitner\Moritz-Leitner,de GER,MF,Norwich City,26,1992,9,7,685,0,0,0,0,1,0,0,0,0,0,0,0.2,0.2,0.3,0.02,0.05,0.07,0.02,0.07,Matches
Florian Lejeune\Florian-Lejeune,fr FRA,DF,Newcastle Utd,28,1991,6,4,442,2,0,0,0,0,0,0.41,0,0.41,0.41,0.41,0.5,0.5,0.1,0.1,0.01,0.11,0.1,0.11,Matches
Aaron Lennon\Aaron-Lennon,eng ENG,MF,Burnley,32,1987,16,4,496,0,0,0,0,4,0,0,0,0,0,0,0,0,0.1,0,0.02,0.02,0,0.02,Matches
Bernd Leno\Bernd-Leno,de GER,GK,Arsenal,27,1992,30,30,2649,0,0,0,0,2,0,0,0,0,0,0,0,0,0,0,0,0,0,0,Matches
Jefferson Lerma\Jefferson-Lerma,co COL,MF,Bournemouth,24,1994,33,31,2703,1,2,0,0,13,1,0.03,0.07,0.1,0.03,0.1,1.3,1.3,1.8,0.04,0.06,0.1,0.04,0.1,Matches
Jamal Lewis\Jamal-Lewis,nir NIR,DF,Norwich City,21,1998,28,25,2304,1,0,0,0,4,0,0.04,0,0.04,0.04,0.04,0.3,0.3,1,0.01,0.04,0.05,0.01,0.05,Matches
Victor Lindelöf\Victor-Lindelof,se SWE,DF,Manchester Utd,25,1994,35,35,3092,1,0,0,0,6,0,0.03,0,0.03,0.03,0.03,0.4,0.4,0.3,0.01,0.01,0.02,0.01,0.02,Matches
Jesse Lingard\Jesse-Lingard,eng ENG,MFFW,Manchester Utd,26,1992,22,9,935,1,0,0,0,3,0,0.1,0,0.1,0.1,0.1,2.7,2.7,0.9,0.26,0.09,0.35,0.26,0.35,Matches
Hugo Lloris\Hugo-Lloris,fr FRA,GK,Tottenham,32,1986,21,21,1807,0,0,0,0,0,0,0,0,0,0,0,0,0,0,0,0,0,0,0,Matches
Giovani Lo Celso\Giovani-Lo-Celso,ar ARG,MFFW,Tottenham,23,1996,28,15,1492,0,2,0,0,6,0,0,0.12,0.12,0,0.12,1.3,1.3,2,0.08,0.12,0.2,0.08,0.2,Matches
Jürgen Locadia\Jurgen-Locadia,nl NED,MFFW,Brighton,25,1993,2,1,86,0,0,0,0,0,0,0,0,0,0,0,0.3,0.3,0,0.28,0,0.28,0.28,0.28,Matches
Ruben Loftus-Cheek\Ruben-Loftus-Cheek,eng ENG,MFFW,Chelsea,23,1996,7,2,208,0,1,0,0,0,0,0,0.43,0.43,0,0.43,0.5,0.5,0.2,0.24,0.1,0.34,0.24,0.34,Matches
Kevin Long\Kevin-Long,ie IRL,DF,Burnley,28,1990,8,6,564,0,0,0,0,0,0,0,0,0,0,0,0.2,0.2,0,0.03,0,0.03,0.03,0.03,Matches
Shane Long\Shane-Long,ie IRL,FW,Southampton,32,1987,26,15,1395,2,2,0,0,0,0,0.13,0.13,0.26,0.13,0.26,4.7,4.7,1.4,0.3,0.09,0.4,0.3,0.4,Matches
Matthew Longstaff\Matthew-Longstaff,eng ENG,MF,Newcastle Utd,19,2000,9,6,575,2,0,0,0,1,0,0.31,0,0.31,0.31,0.31,0.4,0.4,0.2,0.07,0.03,0.1,0.07,0.1,Matches
Sean Longstaff\Sean-Longstaff,eng ENG,MF,Newcastle Utd,21,1997,23,14,1378,1,1,0,0,2,1,0.07,0.07,0.13,0.07,0.13,1,1,1,0.06,0.06,0.13,0.06,0.13,Matches
Dejan Lovren\Dejan-Lovren,hr CRO,DF,Liverpool,30,1989,10,9,777,0,1,0,0,1,0,0,0.12,0.12,0,0.12,0.3,0.3,0.3,0.04,0.04,0.07,0.04,0.07,Matches
Matthew Lowton\Matthew-Lowton,eng ENG,DF,Burnley,30,1989,17,17,1530,0,1,0,0,2,0,0,0.06,0.06,0,0.06,0,0,1.1,0,0.07,0.07,0,0.07,Matches
David Luiz\David-Luiz,br BRA,DF,Arsenal,32,1987,33,32,2809,2,1,0,0,5,2,0.06,0.03,0.1,0.06,0.1,1.8,1.8,1,0.06,0.03,0.09,0.06,0.09,Matches
Douglas Luiz\Douglas-Luiz,br BRA,MF,Aston Villa,21,1998,36,28,2612,3,2,0,0,8,0,0.1,0.07,0.17,0.1,0.17,2.4,2.4,1.4,0.08,0.05,0.13,0.08,0.13,Matches
John Lundstram\John-Lundstram,eng ENG,MF,Sheffield Utd,25,1994,34,26,2458,5,3,0,0,5,0,0.18,0.11,0.29,0.18,0.29,5.3,5.3,2.4,0.19,0.09,0.28,0.19,0.28,Matches
Alexis Mac Allister\Alexis-Mac-Allister,ar ARG,MFFW,Brighton,20,1998,9,4,352,0,0,0,0,0,0,0,0,0,0,0,0.4,0.4,0.3,0.09,0.07,0.16,0.09,0.16,Matches
James Maddison\James-Maddison,eng ENG,MF,Leicester City,22,1996,31,29,2624,6,3,0,0,4,0,0.21,0.1,0.31,0.21,0.31,5,5,7.2,0.17,0.25,0.42,0.17,0.42,Matches
Harry Maguire\Harry-Maguire,eng ENG,DF,Manchester Utd,26,1993,38,38,3420,1,1,0,0,6,0,0.03,0.03,0.05,0.03,0.05,2,2,0.5,0.05,0.01,0.07,0.05,0.07,Matches
Riyad Mahrez\Riyad-Mahrez,dz ALG,FW,Manchester City,28,1991,33,21,1944,11,9,1,1,0,0,0.51,0.42,0.93,0.46,0.88,7.2,6.5,9,0.33,0.42,0.75,0.3,0.72,Matches
Ainsley Maitland-Niles\Ainsley-Maitland-Niles,eng ENG,DF,Arsenal,21,1997,20,15,1386,0,2,0,0,6,1,0,0.13,0.13,0,0.13,0.3,0.3,1.4,0.02,0.09,0.11,0.02,0.11,Matches
Sadio Mané\Sadio-Mane,sn SEN,FW,Liverpool,27,1992,35,31,2747,18,7,0,0,3,0,0.59,0.23,0.82,0.59,0.82,13.5,13.5,7,0.44,0.23,0.67,0.44,0.67,Matches
Javier Manquillo\Javier-Manquillo,es ESP,DF,Newcastle Utd,25,1994,21,18,1599,0,1,0,0,5,0,0,0.06,0.06,0,0.06,0.1,0.1,0.4,0,0.02,0.03,0,0.03,Matches
Solly March\Solly-March,eng ENG,DFFW,Brighton,25,1994,19,11,1143,0,1,0,0,2,0,0,0.08,0.08,0,0.08,1.4,1.4,0.7,0.11,0.06,0.17,0.11,0.17,Matches
Pablo Marí\Pablo-Mari,es ESP,DF,Arsenal,25,1993,2,2,113,0,0,0,0,0,0,0,0,0,0,0,0,0,0,0,0,0,0,0,Matches
Adrian Mariappa\Adrian-Mariappa,jm JAM,DF,Watford,32,1986,20,15,1513,0,0,0,0,6,1,0,0,0,0,0,0.2,0.2,0.4,0.01,0.02,0.04,0.01,0.04,Matches
Anthony Martial\Anthony-Martial,fr FRA,FW,Manchester Utd,23,1995,32,31,2624,17,6,0,1,1,0,0.58,0.21,0.79,0.58,0.79,11,10.2,4.2,0.38,0.14,0.52,0.35,0.49,Matches
David Martin\David-Martin,eng ENG,GK,West Ham,33,1986,5,4,436,0,0,0,0,1,0,0,0,0,0,0,0,0,0,0,0,0,0,0,Matches
Josh Martin\Josh-Martin,eng ENG,FW,Norwich City,17,2001,5,0,37,0,0,0,0,0,0,0,0,0,0,0,0.2,0.2,0,0.58,0,0.58,0.58,0.58,Matches
Martinelli\Martinelli,br BRA,FW,Arsenal,18,2001,14,6,663,3,0,0,0,1,0,0.41,0,0.41,0.41,0.41,2.2,2.2,0.2,0.3,0.03,0.33,0.3,0.33,Matches
Emiliano Martínez\Emiliano-Martinez,ar ARG,GK,Arsenal,26,1992,9,8,771,0,0,0,0,2,0,0,0,0,0,0,0,0,0,0,0,0,0,0,Matches
Adam Masina\Adam-Masina,it ITA,DF,Watford,25,1994,26,20,1821,1,0,0,0,3,0,0.05,0,0.05,0.05,0.05,0.7,0.7,0.6,0.03,0.03,0.06,0.03,0.06,Matches
Arthur Masuaku\Arthur-Masuaku,cd COD,DF,West Ham,25,1993,17,10,937,0,1,0,0,6,1,0,0.1,0.1,0,0.1,0.1,0.1,1,0.01,0.1,0.1,0.01,0.1,Matches
Juan Mata\Juan-Mata,es ESP,MFFW,Manchester Utd,31,1988,19,8,758,0,2,0,0,1,0,0,0.24,0.24,0,0.24,1.2,1.2,1.9,0.14,0.23,0.37,0.14,0.37,Matches
Nemanja Matić\Nemanja-Matic,rs SRB,MF,Manchester Utd,30,1988,21,18,1581,0,2,0,0,3,0,0,0.11,0.11,0,0.11,0.2,0.2,1.3,0.01,0.07,0.08,0.01,0.08,Matches
Joël Matip\Joel-Matip,cm CMR,DF,Liverpool,27,1991,9,8,703,1,0,0,0,0,0,0.13,0,0.13,0.13,0.13,0.3,0.3,0,0.04,0,0.04,0.04,0.04,Matches
Neal Maupay\Neal-Maupay,fr FRA,FW,Brighton,22,1996,37,30,2766,10,3,1,2,3,0,0.33,0.1,0.42,0.29,0.39,11.2,9.7,2.5,0.37,0.08,0.44,0.32,0.4,Matches
James McArthur\James-McArthur,sco SCO,MF,Crystal Palace,31,1987,37,37,3090,0,3,0,0,6,0,0,0.09,0.09,0,0.09,2.4,2.4,2.6,0.07,0.08,0.15,0.07,0.15,Matches
Oliver McBurnie\Oliver-McBurnie,sco SCO,FW,Sheffield Utd,23,1996,36,24,2113,6,0,0,0,4,0,0.26,0,0.26,0.26,0.26,7.7,7.7,1.5,0.33,0.06,0.39,0.33,0.39,Matches
Alex McCarthy\Alex-McCarthy,eng ENG,GK,Southampton,29,1989,28,28,2520,0,0,0,0,0,0,0,0,0,0,0,0,0,0,0,0,0,0,0,Matches
James McCarthy\James-McCarthy,ie IRL,MF,Crystal Palace,28,1990,33,16,1680,0,0,0,0,9,0,0,0,0,0,0,0.5,0.5,0.9,0.03,0.05,0.07,0.03,0.07,Matches
John McGinn\John-McGinn,sco SCO,MF,Aston Villa,24,1994,28,27,2312,3,3,0,0,3,0,0.12,0.12,0.23,0.12,0.23,3.9,3.9,2.4,0.15,0.09,0.24,0.15,0.24,Matches
David McGoldrick\David-McGoldrick,ie IRL,FW,Sheffield Utd,31,1987,28,22,1815,2,2,0,0,2,0,0.1,0.1,0.2,0.1,0.2,7.1,7.1,2.1,0.35,0.1,0.46,0.35,0.46,Matches
Michael McGovern\Michael-McGovern,nir NIR,GK,Norwich City,35,1984,2,1,159,0,0,0,0,0,0,0,0,0,0,0,0,0,0,0,0,0,0,0,Matches
Kenny McLean\Kenny-McLean,sco SCO,MF,Norwich City,27,1992,37,32,2968,1,1,0,0,5,0,0.03,0.03,0.06,0.03,0.06,1.4,1.4,2.1,0.04,0.07,0.11,0.04,0.11,Matches
Dwight McNeil\Dwight-McNeil,eng ENG,MF,Burnley,19,1999,38,38,3338,2,6,0,0,5,0,0.05,0.16,0.22,0.05,0.22,2.2,2.2,6.7,0.06,0.18,0.24,0.06,0.24,Matches
Scott McTominay\Scott-McTominay,sco SCO,MF,Manchester Utd,22,1996,27,20,1772,4,1,0,0,2,0,0.2,0.05,0.25,0.2,0.25,1.5,1.5,0.7,0.07,0.03,0.11,0.07,0.11,Matches
Ben Mee\Ben-Mee,eng ENG,DF,Burnley,29,1989,32,32,2880,1,1,0,0,7,0,0.03,0.03,0.06,0.03,0.06,1.7,1.7,0.6,0.05,0.02,0.07,0.05,0.07,Matches
Benjamin Mendy\Benjamin-Mendy,fr FRA,DF,Manchester City,25,1994,19,18,1492,0,2,0,0,3,0,0,0.12,0.12,0,0.12,0.3,0.3,1.4,0.02,0.08,0.1,0.02,0.1,Matches
Nampalys Mendy\Nampalys-Mendy,fr FRA,MF,Leicester City,27,1992,7,4,291,0,0,0,0,0,0,0,0,0,0,0,0,0,0.1,0,0.03,0.03,0,0.03,Matches
Chris Mepham\Chris-Mepham,wal WAL,DF,Bournemouth,21,1997,12,10,912,1,0,0,0,1,0,0.1,0,0.1,0.1,0.1,0.6,0.6,0.1,0.06,0.01,0.07,0.06,0.07,Matches
Max Meyer\Max-Meyer,de GER,MFFW,Crystal Palace,23,1995,17,6,655,0,0,0,0,1,0,0,0,0,0,0,0.7,0.7,0.7,0.09,0.1,0.19,0.09,0.19,Matches
Luka Milivojević\Luka-Milivojevic,rs SRB,MF,Crystal Palace,28,1991,31,28,2513,3,1,2,2,12,0,0.11,0.04,0.14,0.04,0.07,2.5,0.9,1.8,0.09,0.07,0.15,0.03,0.1,Matches
James Milner\James-Milner,eng ENG,MFDF,Liverpool,33,1986,22,9,937,2,2,2,2,4,0,0.19,0.19,0.38,0,0.19,2.1,0.6,0.7,0.2,0.07,0.27,0.05,0.12,Matches
Yerry Mina\Yerry-Mina,co COL,DF,Everton,24,1994,29,25,2284,2,1,0,0,3,0,0.08,0.04,0.12,0.08,0.12,2.2,2.2,0.2,0.08,0.01,0.09,0.08,0.09,Matches
Takumi Minamino\Takumi-Minamino,jp JPN,FWMF,Liverpool,24,1995,10,2,249,0,0,0,0,0,0,0,0,0,0,0,1.4,1.4,0,0.52,0.01,0.53,0.52,0.53,Matches
Tyrone Mings\Tyrone-Mings,eng ENG,DF,Aston Villa,26,1993,33,33,2902,2,2,0,0,7,0,0.06,0.06,0.12,0.06,0.12,1.1,1.1,0.7,0.03,0.02,0.06,0.03,0.06,Matches
Tyrick Mitchell\Tyrick-Mitchell,eng ENG,DF,Crystal Palace,19,1999,4,2,195,0,0,0,0,1,0,0,0,0,0,0,0,0,0.2,0,0.1,0.1,0,0.1,Matches
Henrikh Mkhitaryan\Henrikh-Mkhitaryan,am ARM,FW,Arsenal,30,1989,3,1,112,0,0,0,0,1,0,0,0,0,0,0,0.2,0.2,0.2,0.19,0.18,0.37,0.19,0.37,Matches
Nacho Monreal\Nacho-Monreal,es ESP,DF,Arsenal,33,1986,3,3,270,0,0,0,0,0,0,0,0,0,0,0,0.1,0.1,0.2,0.03,0.08,0.11,0.03,0.11,Matches
Martín Montoya\Martin-Montoya,es ESP,DF,Brighton,28,1991,27,23,1896,0,1,0,0,5,0,0,0.05,0.05,0,0.05,1.3,1.3,1.4,0.06,0.07,0.13,0.06,0.13,Matches
Simon Moore\Simon-Moore,eng ENG,GK,Sheffield Utd,29,1990,2,2,180,0,0,0,0,0,0,0,0,0,0,0,0,0,0,0,0,0,0,0,Matches
Aaron Mooy\Aaron-Mooy,au AUS,MFFW,Brighton,28,1990,31,25,2085,2,2,0,0,3,1,0.09,0.09,0.17,0.09,0.17,2,2,3.3,0.09,0.14,0.23,0.09,0.23,Matches
Wesley Moraes\Wesley-Moraes,br BRA,FW,Aston Villa,22,1996,21,21,1782,5,1,0,1,3,0,0.25,0.05,0.3,0.25,0.3,5.2,4.3,0.8,0.26,0.04,0.3,0.22,0.26,Matches
Wes Morgan\Wes-Morgan,jm JAM,DF,Leicester City,35,1984,11,4,436,0,0,0,0,0,0,0,0,0,0,0,0.1,0.1,0,0.03,0,0.03,0.03,0.03,Matches
Ravel Morrison\Ravel-Morrison,eng ENG,MF,Sheffield Utd,26,1993,1,0,13,0,0,0,0,0,0,0,0,0,0,0,0,0,0,0.17,0,0.17,0.17,0.17,Matches
Mason Mount\Mason-Mount,eng ENG,MFFW,Chelsea,20,1999,37,32,2867,7,5,0,0,3,0,0.22,0.16,0.38,0.22,0.38,7,7,4.6,0.22,0.15,0.37,0.22,0.37,Matches
Lucas Moura\Lucas-Moura,br BRA,FWMF,Tottenham,26,1992,35,25,2242,4,4,0,0,3,0,0.16,0.16,0.32,0.16,0.32,5.7,5.7,2.4,0.23,0.1,0.33,0.23,0.33,Matches
Lys Mousset\Lys-Mousset,fr FRA,FW,Sheffield Utd,23,1996,30,11,1240,6,4,0,0,1,0,0.44,0.29,0.73,0.44,0.73,4.9,4.9,2.5,0.36,0.18,0.54,0.36,0.54,Matches
João Moutinho\Joao-Moutinho,pt POR,MF,Wolves,32,1986,38,34,3108,1,6,0,0,7,0,0.03,0.17,0.2,0.03,0.2,0.8,0.8,6.3,0.02,0.18,0.21,0.02,0.21,Matches
Glenn Murray\Glenn-Murray,eng ENG,FW,Brighton,35,1983,23,7,797,1,1,0,0,0,0,0.11,0.11,0.23,0.11,0.23,2.1,2.1,0.5,0.24,0.06,0.3,0.24,0.3,Matches
Shkodran Mustafi\Shkodran-Mustafi,de GER,DF,Arsenal,27,1992,15,13,1207,0,1,0,0,2,0,0,0.07,0.07,0,0.07,0.8,0.8,0,0.06,0,0.06,0.06,0.06,Matches
Yoshinori Mutō\Yoshinori-Muto,jp JPN,FWMF,Newcastle Utd,27,1992,8,2,212,0,0,0,0,0,0,0,0,0,0,0,0.1,0.1,0.1,0.03,0.03,0.05,0.03,0.05,Matches
Georges-Kévin N'Koudou\Georges-Kevin-NKoudou,fr FRA,FW,Tottenham,24,1995,1,0,3,0,0,0,0,0,0,0,0,0,0,0,0,0,0,0.71,0,0.71,0.71,0.71,Matches
Marvelous Nakamba\Marvelous-Nakamba,zw ZIM,MF,Aston Villa,25,1994,29,19,1836,0,0,0,0,5,0,0,0,0,0,0,0.2,0.2,0.5,0.01,0.02,0.03,0.01,0.03,Matches
Wilfred Ndidi\Wilfred-Ndidi,ng NGA,MF,Leicester City,22,1996,32,29,2674,2,1,0,0,6,0,0.07,0.03,0.1,0.07,0.1,1.8,1.8,0.4,0.06,0.01,0.07,0.06,0.07,Matches
Tanguy Ndombele\Tanguy-Ndombele,fr FRA,MF,Tottenham,22,1996,21,12,1009,2,2,0,0,3,0,0.18,0.18,0.36,0.18,0.36,0.4,0.4,1.2,0.04,0.11,0.14,0.04,0.14,Matches
Reiss Nelson\Reiss-Nelson,eng ENG,FW,Arsenal,19,1999,17,7,631,1,0,0,0,1,0,0.14,0,0.14,0.14,0.14,0.9,0.9,0.7,0.12,0.1,0.22,0.12,0.22,Matches
Pedro Neto\Pedro-Neto,pt POR,FWMF,Wolves,19,2000,29,9,939,3,3,0,0,3,0,0.29,0.29,0.58,0.29,0.58,2,2,2.3,0.19,0.22,0.41,0.19,0.41,Matches
Rúben Neves\Ruben-Neves,pt POR,MF,Wolves,22,1997,38,35,3056,2,2,0,0,9,0,0.06,0.06,0.12,0.06,0.12,1.7,1.7,2,0.05,0.06,0.11,0.05,0.11,Matches
Jeremy Ngakia\Jeremy-Ngakia,eng ENG,DF,West Ham,18,2000,5,5,440,0,0,0,0,0,0,0,0,0,0,0,0,0,0,0.01,0,0.01,0.01,0.01,Matches
Oumar Niasse\Oumar-Niasse,sn SEN,FW,Everton,29,1990,3,0,22,0,0,0,0,0,0,0,0,0,0,0,0,0,0,0,0,0,0,0,Matches
Eddie Nketiah\Eddie-Nketiah,eng ENG,FW,Arsenal,20,1999,13,7,633,2,0,0,0,0,1,0.28,0,0.28,0.28,0.28,3.2,3.2,0.7,0.46,0.09,0.56,0.46,0.56,Matches
Mark Noble\Mark-Noble,eng ENG,MF,West Ham,32,1987,33,32,2674,4,3,3,3,5,0,0.13,0.1,0.24,0.03,0.13,2.8,0.5,3,0.09,0.1,0.19,0.02,0.12,Matches
Oliver Norwood\Oliver-Norwood,nir NIR,MF,Sheffield Utd,28,1991,38,37,3090,1,1,1,1,8,0,0.03,0.03,0.06,0,0.03,1.5,0.7,4.2,0.04,0.12,0.17,0.02,0.14,Matches
Ørjan Nyland\Orjan-Nyland,no NOR,GK,Aston Villa,28,1990,7,5,539,0,0,0,0,0,0,0,0,0,0,0,0,0,0,0,0,0,0,0,Matches
Jack O'Connell\Jack-OConnell,eng ENG,DF,Sheffield Utd,25,1994,33,32,2916,0,1,0,0,4,0,0,0.03,0.03,0,0.03,1.2,1.2,2.1,0.04,0.06,0.1,0.04,0.1,Matches
Michael Obafemi\Michael-Obafemi,ie IRL,FW,Southampton,19,2000,21,8,665,3,2,0,0,1,0,0.41,0.27,0.68,0.41,0.68,1.9,1.9,1.2,0.25,0.17,0.42,0.25,0.42,Matches
Angelo Ogbonna\Angelo-Ogbonna,it ITA,DF,West Ham,31,1988,31,31,2786,2,0,0,0,4,0,0.06,0,0.06,0.06,0.06,1.6,1.6,0.1,0.05,0,0.05,0.05,0.05,Matches
Divock Origi\Divock-Origi,be BEL,FW,Liverpool,24,1995,28,7,717,4,1,0,0,1,0,0.5,0.13,0.63,0.5,0.63,2,2,0.2,0.25,0.03,0.28,0.25,0.28,Matches
Ben Osborn\Ben-Osborn,eng ENG,MFDF,Sheffield Utd,24,1994,13,6,594,0,0,0,0,0,0,0,0,0,0,0,0.3,0.3,0.9,0.05,0.13,0.18,0.05,0.18,Matches
Nicolás Otamendi\Nicolas-Otamendi,ar ARG,DF,Manchester City,31,1988,24,18,1715,2,0,0,0,3,0,0.1,0,0.1,0.1,0.1,2.4,2.4,0.2,0.13,0.01,0.13,0.13,0.13,Matches
Alex Oxlade-Chamberlain\Alex-Oxlade-Chamberlain,eng ENG,MFFW,Liverpool,25,1993,30,17,1485,4,1,0,0,1,0,0.24,0.06,0.3,0.24,0.3,3,3,1.3,0.18,0.08,0.27,0.18,0.27,Matches
Mesut Özil\Mesut-Ozil,de GER,MF,Arsenal,30,1988,18,18,1438,1,2,0,0,1,0,0.06,0.13,0.19,0.06,0.19,1.3,1.3,2.3,0.08,0.14,0.22,0.08,0.22,Matches
Emerson Palmieri\Emerson-Palmieri,it ITA,DF,Chelsea,24,1994,15,13,1024,0,0,0,0,3,0,0,0,0,0,0,1,1,1.4,0.09,0.12,0.21,0.09,0.21,Matches
Sokratis Papastathopoulos\Sokratis-Papastathopoulos,gr GRE,DF,Arsenal,31,1988,19,19,1696,2,0,0,0,6,0,0.11,0,0.11,0.11,0.11,1,1,0.2,0.05,0.01,0.06,0.05,0.06,Matches
Troy Parrott\Troy-Parrott,ie IRL,MF,Tottenham,17,2002,2,0,7,0,0,0,0,0,0,0,0,0,0,0,0,0,0,0,0,0,0,0,Matches
Rui Patrício\Rui-Patricio,pt POR,GK,Wolves,31,1988,38,38,3420,0,0,0,0,0,0,0,0,0,0,0,0,0,0,0,0,0,0,0,Matches
Pedro\Pedro,es ESP,FW,Chelsea,32,1987,11,8,661,1,1,0,0,1,0,0.14,0.14,0.27,0.14,0.27,2.9,2.9,0.8,0.39,0.11,0.5,0.39,0.5,Matches
João Pedro\Joao-Pedro,br BRA,FWMF,Watford,17,2001,3,0,25,0,0,0,0,0,0,0,0,0,0,0,0.1,0.1,0.2,0.19,0.54,0.73,0.19,0.73,Matches
Nicolas Pépé\Nicolas-Pepe,ci CIV,FW,Arsenal,24,1995,31,22,2010,5,6,1,1,4,0,0.22,0.27,0.49,0.18,0.45,4.7,3.9,4.4,0.21,0.2,0.41,0.17,0.37,Matches
Andreas Pereira\Andreas-Pereira,br BRA,MFFW,Manchester Utd,23,1996,25,18,1484,1,3,0,0,3,0,0.06,0.18,0.24,0.06,0.24,2.4,2.4,4,0.15,0.24,0.39,0.15,0.39,Matches
Ricardo Pereira\Ricardo-Pereira,pt POR,DF,Leicester City,25,1993,28,28,2520,3,2,0,0,1,0,0.11,0.07,0.18,0.11,0.18,1.2,1.1,3.6,0.04,0.13,0.17,0.04,0.17,Matches
Roberto Pereyra\Roberto-Pereyra,ar ARG,FWMF,Watford,28,1991,28,17,1648,3,0,1,1,4,0,0.16,0,0.16,0.11,0.11,2.6,1.8,1.8,0.14,0.1,0.24,0.1,0.2,Matches
Ayoze Pérez\Ayoze-Perez,es ESP,MFFW,Leicester City,26,1993,33,26,2004,8,4,1,1,0,0,0.36,0.18,0.54,0.31,0.49,5.7,4.9,3.8,0.25,0.17,0.42,0.22,0.39,Matches
Jordan Pickford\Jordan-Pickford,eng ENG,GK,Everton,25,1994,38,38,3420,0,0,0,0,2,0,0,0,0,0,0,0,0,0.1,0,0,0,0,0,Matches
Brandon Pierrick\Brandon-Pierrick,eng ENG,MF,Crystal Palace,17,2001,2,0,15,0,0,0,0,0,0,0,0,0,0,0,,,,,,,,,Matches
Erik Pieters\Erik-Pieters,nl NED,DFMF,Burnley,30,1988,24,21,1878,0,4,0,0,2,0,0,0.19,0.19,0,0.19,0.6,0.6,2.6,0.03,0.12,0.15,0.03,0.15,Matches
Daniel Podence\Daniel-Podence,pt POR,FWMF,Wolves,23,1995,9,3,289,1,0,0,0,0,0,0.31,0,0.31,0.31,0.31,1.6,1.6,0.4,0.49,0.13,0.62,0.49,0.62,Matches
Paul Pogba\Paul-Pogba,fr FRA,MF,Manchester Utd,26,1993,16,13,1204,1,3,0,1,1,0,0.07,0.22,0.3,0.07,0.3,1.9,1.2,2.7,0.14,0.2,0.35,0.09,0.29,Matches
Nick Pope\Nick-Pope,eng ENG,GK,Burnley,27,1992,38,38,3420,0,0,0,0,1,0,0,0,0,0,0,0,0,0.7,0,0.02,0.02,0,0.02,Matches
Dennis Praet\Dennis-Praet,be BEL,MF,Leicester City,25,1994,27,12,1134,1,2,0,0,2,0,0.08,0.16,0.24,0.08,0.24,1.3,1.3,0.8,0.11,0.06,0.17,0.11,0.17,Matches
Sebastian Prödl\Sebastian-Prodl,at AUT,DF,Watford,32,1987,1,1,56,0,0,0,0,0,0,0,0,0,0,0,0.1,0.1,0,0.1,0,0.1,0.1,0.1,Matches
Davy Pröpper\Davy-Propper,nl NED,MF,Brighton,27,1991,35,32,2829,1,2,0,0,4,0,0.03,0.06,0.1,0.03,0.1,1.3,1.3,2.2,0.04,0.07,0.11,0.04,0.11,Matches
Teemu Pukki\Teemu-Pukki,fi FIN,FW,Norwich City,29,1990,36,33,2886,11,3,2,2,3,0,0.34,0.09,0.44,0.28,0.37,12.4,10.8,3.1,0.39,0.1,0.48,0.34,0.43,Matches
Christian Pulisic\Christian-Pulisic,us USA,FW,Chelsea,20,1998,25,19,1722,9,4,0,0,0,0,0.47,0.21,0.68,0.47,0.68,8,8,3.4,0.42,0.18,0.59,0.42,0.59,Matches
Ignacio Pussetto\Ignacio-Pussetto,ar ARG,FWDF,Watford,23,1995,7,0,74,0,0,0,0,1,0,0,0,0,0,0,0,0,0,0,0,0,0,0,Matches
Domingos Quina\Domingos-Quina,pt POR,MF,Watford,19,1999,4,0,22,0,0,0,0,0,0,0,0,0,0,0,0,0,0,0.08,0,0.08,0.08,0.08,Matches
Aaron Ramsdale\Aaron-Ramsdale,eng ENG,GK,Bournemouth,21,1998,37,37,3330,0,1,0,0,0,0,0,0.03,0.03,0,0.03,0,0,0.1,0,0,0,0,0,Matches
Darren Randolph\Darren-Randolph,ie IRL,GK,West Ham,32,1987,2,2,180,0,0,0,0,0,0,0,0,0,0,0,0,0,0,0,0,0,0,0,Matches
Marcus Rashford\Marcus-Rashford,eng ENG,FW,Manchester Utd,21,1997,31,31,2643,17,7,6,8,3,0,0.58,0.24,0.82,0.37,0.61,17.6,11.5,4.6,0.6,0.16,0.76,0.39,0.55,Matches
Nathan Redmond\Nathan-Redmond,eng ENG,MFFW,Southampton,25,1994,32,32,2762,4,4,0,0,2,0,0.13,0.13,0.26,0.13,0.26,5,5,3.1,0.16,0.1,0.26,0.16,0.26,Matches
Pepe Reina\Pepe-Reina,es ESP,GK,Aston Villa,36,1982,12,12,1080,0,0,0,0,1,0,0,0,0,0,0,0,0,0,0,0,0,0,0,Matches
Declan Rice\Declan-Rice,eng ENG,MF,West Ham,20,1999,38,38,3420,1,3,0,0,6,0,0.03,0.08,0.11,0.03,0.11,1.1,1.1,1.4,0.03,0.04,0.07,0.03,0.07,Matches
Richarlison\Richarlison,br BRA,FW,Everton,22,1997,36,36,3070,13,3,0,0,8,0,0.38,0.09,0.47,0.38,0.47,9,9,4.9,0.26,0.14,0.41,0.26,0.41,Matches
Diego Rico\Diego-Rico,es ESP,DF,Bournemouth,26,1993,27,27,2332,0,4,0,0,6,0,0,0.15,0.15,0,0.15,0.3,0.3,2.8,0.01,0.11,0.12,0.01,0.12,Matches
Jaïro Riedewald\Jairo-Riedewald,nl NED,DFMF,Crystal Palace,22,1996,17,7,769,0,0,0,0,0,0,0,0,0,0,0,0.1,0.1,0.4,0.01,0.05,0.06,0.01,0.06,Matches
Matt Ritchie\Matt-Ritchie,sco SCO,DFMF,Newcastle Utd,29,1989,18,14,1315,2,1,0,1,4,0,0.14,0.07,0.21,0.14,0.21,1.5,0.7,2.2,0.1,0.15,0.25,0.05,0.2,Matches
Roberto\Roberto,es ESP,GK,West Ham,33,1986,8,7,687,0,0,0,0,0,0,0,0,0,0,0,0,0,0,0,0,0,0,0,Matches
Patrick Roberts\Patrick-Roberts,eng ENG,MFFW,Norwich City,22,1997,3,0,26,0,0,0,0,0,0,0,0,0,0,0,0,0,0,0,0,0,0,0,Matches
Andrew Robertson\Andrew-Robertson,sco SCO,DF,Liverpool,25,1994,36,34,3111,2,12,0,0,2,0,0.06,0.35,0.41,0.06,0.41,1.6,1.6,7.2,0.05,0.21,0.26,0.05,0.26,Matches
Callum Robinson\Callum-Robinson,ie IRL,FW,Sheffield Utd,24,1995,16,9,676,1,1,0,0,1,0,0.13,0.13,0.27,0.13,0.27,2.1,2.1,0.5,0.28,0.07,0.35,0.28,0.35,Matches
Jack Robinson\Jack-Robinson,eng ENG,DF,Sheffield Utd,25,1993,6,6,504,0,0,0,0,0,0,0,0,0,0,0,0,0,0.2,0,0.04,0.04,0,0.04,Matches
Rodri\Rodri,es ESP,MF,Manchester City,23,1996,35,29,2486,3,2,0,0,8,0,0.11,0.07,0.18,0.11,0.18,1,1,1.6,0.04,0.06,0.09,0.04,0.09,Matches
Jay Rodriguez\Jay-Rodriguez,eng ENG,FW,Burnley,30,1989,36,20,2016,8,1,1,1,1,0,0.36,0.04,0.4,0.31,0.36,8,7.2,1,0.36,0.04,0.4,0.32,0.37,Matches
Jack Rodwell\Jack-Rodwell,eng ENG,MF,Sheffield Utd,28,1991,1,0,16,0,0,0,0,0,0,0,0,0,0,0,0,0,0,0,0,0,0,0,Matches
Marcos Rojo\Marcos-Rojo,ar ARG,DF,Manchester Utd,29,1990,3,1,122,0,0,0,0,1,0,0,0,0,0,0,0.1,0.1,0,0.08,0,0.08,0.08,0.08,Matches
Oriol Romeu\Oriol-Romeu,es ESP,MF,Southampton,27,1991,30,20,1860,0,0,0,0,5,0,0,0,0,0,0,0.3,0.3,1.2,0.01,0.06,0.07,0.01,0.07,Matches
Danny Rose\Danny-Rose,eng ENG,DF,Newcastle Utd,29,1990,11,10,863,0,0,0,0,2,0,0,0,0,0,0,0,0,0.2,0,0.02,0.02,0,0.02,Matches
Danny Rose\Danny-Rose,eng ENG,DF,Tottenham,29,1990,12,10,893,0,0,0,0,5,0,0,0,0,0,0,0.1,0.1,0.7,0.02,0.07,0.08,0.02,0.08,Matches
Antonio Rüdiger\Antonio-Rudiger,de GER,DF,Chelsea,26,1993,20,19,1710,2,0,0,0,3,0,0.11,0,0.11,0.11,0.11,0.5,0.5,0.4,0.03,0.02,0.05,0.03,0.05,Matches
Lukas Rupp\Lukas-Rupp,de GER,FWMF,Norwich City,28,1991,12,8,695,0,0,0,0,1,0,0,0,0,0,0,0.3,0.3,0.9,0.04,0.12,0.16,0.04,0.16,Matches
Mathew Ryan\Mathew-Ryan,au AUS,GK,Brighton,27,1992,38,38,3420,0,0,0,0,0,0,0,0,0,0,0,0,0,0,0,0,0,0,0,Matches
Allan Saint-Maximin\Allan-Saint-Maximin,fr FRA,MFFW,Newcastle Utd,22,1997,26,23,1863,3,4,0,0,0,0,0.14,0.19,0.34,0.14,0.34,3,3,3.6,0.15,0.17,0.32,0.15,0.32,Matches
Romain Saïss\Romain-Saiss,ma MAR,DF,Wolves,29,1990,33,31,2705,2,1,0,0,12,1,0.07,0.03,0.1,0.07,0.1,2.7,2.7,0.5,0.09,0.02,0.11,0.09,0.11,Matches
Bukayo Saka\Bukayo-Saka,eng ENG,DFFW,Arsenal,17,2001,26,19,1753,1,5,0,0,6,0,0.05,0.26,0.31,0.05,0.31,1.3,1.3,3.6,0.07,0.19,0.25,0.07,0.25,Matches
Mamadou Sakho\Mamadou-Sakho,fr FRA,DF,Crystal Palace,29,1990,14,11,931,0,0,0,0,1,1,0,0,0,0,0,0,0,0.1,0,0.01,0.01,0,0.01,Matches
Mohamed Salah\Mohamed-Salah,eg EGY,FW,Liverpool,27,1992,34,33,2876,19,10,3,3,1,0,0.59,0.31,0.91,0.5,0.81,19,16.7,7.1,0.6,0.22,0.82,0.52,0.75,Matches
Mbwana Samatta\Mbwana-Samatta,tz TAN,FW,Aston Villa,26,1992,14,11,943,1,0,0,0,1,0,0.1,0,0.1,0.1,0.1,1.8,1.8,0.2,0.18,0.02,0.2,0.18,0.2,Matches
Carlos Sánchez\Carlos-Sanchez,co COL,MFDF,West Ham,33,1986,6,1,117,0,0,0,0,0,0,0,0,0,0,0,0,0,0,0,0,0,0,0,Matches
Davinson Sánchez\Davinson-Sanchez,co COL,DF,Tottenham,23,1996,29,27,2431,0,0,0,0,6,0,0,0,0,0,0,0.6,0.6,0,0.02,0,0.02,0.02,0.02,Matches
Leroy Sané\Leroy-Sane,de GER,FW,Manchester City,23,1996,1,0,12,0,0,0,0,0,0,0,0,0,0,0,0.1,0.1,0,0.83,0,0.83,0.83,0.83,Matches
Ismaila Sarr\Ismaila-Sarr,sn SEN,FWMF,Watford,21,1998,28,22,2028,5,4,0,0,1,0,0.22,0.18,0.4,0.22,0.4,5.8,5.8,3.3,0.26,0.15,0.4,0.26,0.4,Matches
Fabian Schär\Fabian-Schar,ch SUI,DFMF,Newcastle Utd,27,1991,22,18,1672,2,0,0,0,5,0,0.11,0,0.11,0.11,0.11,1.1,1.1,0.1,0.06,0.01,0.07,0.06,0.07,Matches
Ezequiel Schelotto\Ezequiel-Schelotto,it ITA,DF,Brighton,30,1989,8,4,361,0,0,0,0,2,0,0,0,0,0,0,0.4,0.4,0,0.09,0,0.09,0.09,0.09,Matches
Jeffrey Schlupp\Jeffrey-Schlupp,gh GHA,MFDF,Crystal Palace,26,1992,17,11,1036,3,1,0,0,2,0,0.26,0.09,0.35,0.26,0.35,1.8,1.8,1.1,0.15,0.09,0.25,0.15,0.25,Matches
Kasper Schmeichel\Kasper-Schmeichel,dk DEN,GK,Leicester City,32,1986,38,38,3420,0,0,0,0,2,0,0,0,0,0,0,0,0,0.4,0,0.01,0.01,0,0.01,Matches
Morgan Schneiderlin\Morgan-Schneiderlin,fr FRA,MF,Everton,29,1989,15,12,1001,0,0,0,0,6,1,0,0,0,0,0,0.3,0.3,0.2,0.03,0.02,0.04,0.03,0.04,Matches
Ryan Sessegnon\Ryan-Sessegnon,eng ENG,DF,Tottenham,19,2000,6,4,342,0,0,0,0,0,0,0,0,0,0,0,0.1,0.1,0,0.03,0.01,0.04,0.03,0.04,Matches
Xherdan Shaqiri\Xherdan-Shaqiri,ch SUI,FW,Liverpool,27,1991,7,2,185,1,0,0,0,0,0,0.49,0,0.49,0.49,0.49,0.5,0.5,0.2,0.23,0.11,0.34,0.23,0.34,Matches
Billy Sharp\Billy-Sharp,eng ENG,FW,Sheffield Utd,33,1986,25,10,1051,3,2,0,0,1,1,0.26,0.17,0.43,0.26,0.43,2.8,2.8,2.6,0.24,0.22,0.46,0.24,0.46,Matches
Luke Shaw\Luke-Shaw,eng ENG,DF,Manchester Utd,24,1995,24,20,1733,0,0,0,0,7,0,0,0,0,0,0,0.5,0.5,1.3,0.03,0.07,0.09,0.03,0.09,Matches
Jonjo Shelvey\Jonjo-Shelvey,eng ENG,MF,Newcastle Utd,27,1992,26,25,2119,6,2,0,0,3,0,0.25,0.08,0.34,0.25,0.34,2.4,2.4,3.7,0.1,0.16,0.26,0.1,0.26,Matches
Djibril Sidibé\Djibril-Sidibe,fr FRA,DF,Everton,27,1992,25,18,1824,0,4,0,0,3,0,0,0.2,0.2,0,0.2,0.4,0.4,2.1,0.02,0.1,0.12,0.02,0.12,Matches
Gylfi Sigurðsson\Gylfi-Sigurdsson,is ISL,MF,Everton,29,1989,35,28,2560,2,3,1,1,3,0,0.07,0.11,0.18,0.04,0.14,4.2,3.4,3.8,0.15,0.13,0.28,0.12,0.26,Matches
Bernardo Silva\Bernardo-Silva,pt POR,FWMF,Manchester City,24,1994,34,23,2030,6,7,0,0,5,0,0.27,0.31,0.58,0.27,0.58,6.7,6.7,5.2,0.3,0.23,0.53,0.3,0.53,Matches
David Silva\David-Silva,es ESP,MF,Manchester City,33,1986,27,22,1826,6,10,0,0,0,0,0.3,0.49,0.79,0.3,0.79,6.4,6.4,5.2,0.31,0.26,0.57,0.31,0.57,Matches
Jack Simpson\Jack-Simpson,eng ENG,DF,Bournemouth,22,1997,4,1,241,0,0,0,0,0,0,0,0,0,0,0,0,0,0,0.01,0,0.01,0.01,0.01,Matches
Moussa Sissoko\Moussa-Sissoko,fr FRA,MF,Tottenham,29,1989,29,28,2452,2,1,0,0,8,0,0.07,0.04,0.11,0.07,0.11,2.4,2.4,1,0.09,0.04,0.12,0.09,0.12,Matches
Oliver Skipp\Oliver-Skipp,eng ENG,MFDF,Tottenham,18,2000,7,1,77,0,0,0,0,0,0,0,0,0,0,0,0,0,0,0,0,0,0,0,Matches
William Smallbone\William-Smallbone,ie IRL,MF,Southampton,19,2000,9,4,393,0,2,0,0,0,0,0,0.46,0.46,0,0.46,0.3,0.3,0.3,0.07,0.08,0.15,0.07,0.15,Matches
Adam Smith\Adam-Smith,eng ENG,DF,Bournemouth,28,1991,24,24,2055,0,1,0,0,7,0,0,0.04,0.04,0,0.04,0.6,0.6,0.9,0.03,0.04,0.06,0.03,0.06,Matches
Emile Smith-Rowe\Emile-Smith-Rowe,eng ENG,MF,Arsenal,19,2000,2,1,97,0,0,0,0,0,0,0,0,0,0,0,0,0,0,0,0,0,0,0,Matches
Robert Snodgrass\Robert-Snodgrass,sco SCO,MFFW,West Ham,31,1987,24,17,1509,5,5,0,0,4,0,0.3,0.3,0.6,0.3,0.6,2.7,2.7,2.7,0.16,0.16,0.32,0.16,0.32,Matches
Cédric Soares\Cedric-Soares,pt POR,DF,Southampton,27,1991,16,16,1306,0,1,0,0,1,0,0,0.07,0.07,0,0.07,0.6,0.6,1.2,0.04,0.09,0.13,0.04,0.13,Matches
Cédric Soares\Cedric-Soares,pt POR,DF,Arsenal,27,1991,5,3,249,1,0,0,0,0,0,0.36,0,0.36,0.36,0.36,0,0,0,0.01,0.02,0.02,0.01,0.02,Matches
Dominic Solanke\Dominic-Solanke,eng ENG,FWMF,Bournemouth,21,1997,32,17,1651,3,1,0,0,1,0,0.16,0.05,0.22,0.16,0.22,3.6,3.6,0.9,0.2,0.05,0.25,0.2,0.25,Matches
Tomáš Souček\Tomas-Soucek,cz CZE,MF,West Ham,24,1995,13,12,1040,3,0,0,0,0,0,0.26,0,0.26,0.26,0.26,2.2,2.2,0.4,0.19,0.03,0.23,0.19,0.23,Matches
Çağlar Söyüncü\Caglar-Soyuncu,tr TUR,DF,Leicester City,23,1996,34,34,3036,1,1,0,0,4,1,0.03,0.03,0.06,0.03,0.06,2.2,2.2,0.3,0.07,0.01,0.07,0.07,0.07,Matches
Dennis Srbeny\Dennis-Srbeny,de GER,MFFW,Norwich City,25,1994,8,0,47,1,0,0,0,0,0,1.91,0,1.91,1.91,1.91,0.6,0.6,0,1.07,0,1.07,1.07,1.07,Matches
Jack Stacey\Jack-Stacey,eng ENG,DF,Bournemouth,23,1996,19,17,1549,0,2,0,0,2,0,0,0.12,0.12,0,0.12,0.3,0.3,2.2,0.02,0.13,0.14,0.02,0.14,Matches
Junior Stanislas\Junior-Stanislas,eng ENG,MFDF,Bournemouth,29,1989,15,7,712,3,0,1,1,1,0,0.38,0,0.38,0.25,0.25,1.6,0.8,0.8,0.2,0.1,0.3,0.1,0.2,Matches
Jed Steer\Jed-Steer,eng ENG,GK,Aston Villa,26,1992,1,1,7,0,0,0,0,0,0,0,0,0,0,0,0,0,0,0,0,0,0,0,Matches
Dale Stephens\Dale-Stephens,eng ENG,MF,Brighton,30,1989,33,28,2530,0,1,0,0,8,0,0,0.04,0.04,0,0.04,0.5,0.5,1.1,0.02,0.04,0.06,0.02,0.06,Matches
Jack Stephens\Jack-Stephens,eng ENG,DF,Southampton,25,1994,28,27,2451,1,3,0,0,4,1,0.04,0.11,0.15,0.04,0.15,0.8,0.8,1.2,0.03,0.05,0.07,0.03,0.07,Matches
Raheem Sterling\Raheem-Sterling,eng ENG,FW,Manchester City,24,1994,33,30,2651,20,1,0,2,5,0,0.68,0.03,0.71,0.68,0.71,17.3,15.3,7.1,0.59,0.24,0.83,0.52,0.76,Matches
Enda Stevens\Enda-Stevens,ie IRL,DF,Sheffield Utd,29,1990,38,38,3345,2,4,0,0,7,0,0.05,0.11,0.16,0.05,0.16,1.2,1.2,4.5,0.03,0.12,0.15,0.03,0.15,Matches
Marco Stiepermann\Marco-Stiepermann,de GER,MF,Norwich City,28,1991,24,14,1180,0,0,0,0,6,0,0,0,0,0,0,1.6,1.6,0.5,0.12,0.04,0.16,0.12,0.16,Matches
John Stones\John-Stones,eng ENG,DF,Manchester City,25,1994,16,12,1122,0,0,0,0,0,0,0,0,0,0,0,0.6,0.6,0.1,0.05,0.01,0.05,0.05,0.05,Matches
Isaac Success\Isaac-Success,ng NGA,FWMF,Watford,23,1996,5,0,70,0,0,0,0,1,0,0,0,0,0,0,0.1,0.1,0.1,0.12,0.13,0.25,0.12,0.25,Matches
Ki Sung-yueng\Ki-Sung-yueng,kr KOR,MF,Newcastle Utd,30,1989,3,1,137,0,0,0,0,0,0,0,0,0,0,0,0,0,0.1,0,0.05,0.05,0,0.05,Matches
Andrew Surman\Andrew-Surman,eng ENG,MF,Bournemouth,32,1986,5,2,235,0,0,0,0,1,0,0,0,0,0,0,0,0,0,0.01,0.01,0.02,0.01,0.02,Matches
Sam Surridge\Sam-Surridge,eng ENG,FW,Bournemouth,21,1998,4,0,27,0,0,0,0,0,0,0,0,0,0,0,0.4,0.4,0,1.45,0,1.45,1.45,1.45,Matches
Japhet Tanganga\Japhet-Tanganga,eng ENG,DF,Tottenham,20,1999,6,6,525,0,0,0,0,1,0,0,0,0,0,0,0.1,0.1,0,0.01,0,0.01,0.01,0.01,Matches
Matt Targett\Matt-Targett,eng ENG,DF,Aston Villa,23,1995,28,27,2291,1,2,0,0,4,0,0.04,0.08,0.12,0.04,0.12,0.5,0.5,2.7,0.02,0.11,0.12,0.02,0.12,Matches
James Tarkowski\James-Tarkowski,eng ENG,DF,Burnley,26,1992,38,38,3420,2,2,0,0,10,0,0.05,0.05,0.11,0.05,0.11,2.3,2.3,2,0.06,0.05,0.11,0.06,0.11,Matches
Charlie Taylor\Charlie-Taylor,eng ENG,DF,Burnley,25,1993,24,22,1945,0,1,0,0,3,0,0,0.05,0.05,0,0.05,0,0,1.4,0,0.06,0.07,0,0.07,Matches
Neil Taylor\Neil-Taylor,wal WAL,DF,Aston Villa,30,1989,14,11,1091,0,0,0,0,2,0,0,0,0,0,0,0.3,0.3,0.2,0.03,0.02,0.04,0.03,0.04,Matches
Nathan Tella\Nathan-Tella,eng ENG,FW,Southampton,20,1999,1,0,3,0,0,0,0,0,0,0,0,0,0,0,0.1,0.1,0,1.62,0,1.62,1.62,1.62,Matches
Alexander Tettey\Alexander-Tettey,no NOR,MFDF,Norwich City,33,1986,30,28,2338,1,1,0,0,5,0,0.04,0.04,0.08,0.04,0.08,0.8,0.8,0.8,0.03,0.03,0.06,0.03,0.06,Matches
Jordan Thomas\Jordan-Thomas,eng ENG,FW,Norwich City,,,1,0,1,0,0,0,0,0,0,0,0,0,0,0,0,0,0,0,0,0,0,0,Matches
Luke Thomas\Luke-Thomas,eng ENG,DF,Leicester City,,,3,3,267,0,1,0,0,0,0,0,0.34,0.34,0,0.34,0,0,0.9,0,0.29,0.29,0,0.29,Matches
Max Thompson\Max-Thompson,eng ENG,FW,Burnley,17,2002,1,0,3,0,0,0,0,0,0,0,0,0,0,0,0,0,0,0,0,0,0,0,Matches
Youri Tielemans\Youri-Tielemans,be BEL,MF,Leicester City,22,1997,37,32,2828,3,6,0,0,2,0,0.1,0.19,0.29,0.1,0.29,3.2,3.2,5.6,0.1,0.18,0.28,0.1,0.28,Matches
Kieran Tierney\Kieran-Tierney,sco SCO,DF,Arsenal,22,1997,15,12,989,1,1,0,0,2,0,0.09,0.09,0.18,0.09,0.18,0.2,0.2,1.1,0.02,0.1,0.12,0.02,0.12,Matches
James Tomkins\James-Tomkins,eng ENG,DF,Crystal Palace,30,1989,18,18,1582,1,1,0,0,5,0,0.06,0.06,0.11,0.06,0.11,1.3,1.3,0.1,0.07,0.01,0.08,0.07,0.08,Matches
Fikayo Tomori\Fikayo-Tomori,eng ENG,DF,Chelsea,21,1997,15,15,1291,1,0,0,0,3,0,0.07,0,0.07,0.07,0.07,0.6,0.6,0.2,0.04,0.01,0.06,0.04,0.06,Matches
Lucas Torreira\Lucas-Torreira,uy URU,MF,Arsenal,23,1996,29,17,1512,1,1,0,0,7,0,0.06,0.06,0.12,0.06,0.12,1.6,1.6,1.1,0.09,0.07,0.16,0.09,0.16,Matches
Cenk Tosun\Cenk-Tosun,tr TUR,FW,Crystal Palace,28,1991,5,2,177,1,0,0,0,0,0,0.51,0,0.51,0.51,0.51,0.6,0.6,0,0.32,0,0.32,0.32,0.32,Matches
Cenk Tosun\Cenk-Tosun,tr TUR,FW,Everton,28,1991,5,2,291,1,0,0,0,0,0,0.31,0,0.31,0.31,0.31,0.7,0.7,0.1,0.21,0.04,0.25,0.21,0.25,Matches
Andros Townsend\Andros-Townsend,eng ENG,MF,Crystal Palace,28,1991,24,14,1294,1,1,0,0,0,0,0.07,0.07,0.14,0.07,0.14,0.4,0.4,2,0.03,0.14,0.16,0.03,0.16,Matches
Adama Traoré\Adama-Traore,es ESP,FWMF,Wolves,23,1996,37,27,2605,4,9,0,0,1,0,0.14,0.31,0.45,0.14,0.45,3.5,3.5,6.5,0.12,0.23,0.35,0.12,0.35,Matches
Mark Travers\Mark-Travers,ie IRL,GK,Bournemouth,20,1999,1,1,90,0,0,0,0,0,0,0,0,0,0,0,0,0,0,0,0,0,0,0,Matches
Trézéguet\Trezeguet,eg EGY,FWMF,Aston Villa,24,1994,34,20,1950,6,1,0,0,4,1,0.28,0.05,0.32,0.28,0.32,3.7,3.7,0.8,0.17,0.04,0.21,0.17,0.21,Matches
Leandro Trossard\Leandro-Trossard,be BEL,FWMF,Brighton,24,1994,31,22,2011,5,3,0,0,0,0,0.22,0.13,0.36,0.22,0.36,4.7,4.7,3.7,0.21,0.17,0.37,0.21,0.37,Matches
Tom Trybull\Tom-Trybull,de GER,MF,Norwich City,26,1993,16,14,1130,0,0,0,0,2,0,0,0,0,0,0,0.4,0.4,0.1,0.03,0,0.04,0.03,0.04,Matches
Axel Tuanzebe\Axel-Tuanzebe,eng ENG,DF,Manchester Utd,21,1997,5,2,189,0,0,0,0,0,0,0,0,0,0,0,0,0,0,0,0,0,0,0,Matches
Yan Valery\Yan-Valery,fr FRA,DF,Southampton,20,1999,11,10,779,0,0,0,0,1,0,0,0,0,0,0,0.3,0.3,0.8,0.04,0.1,0.13,0.04,0.13,Matches
Jesús Vallejo\Jesus-Vallejo,es ESP,DF,Wolves,22,1997,2,1,163,0,0,0,0,1,0,0,0,0,0,0,0,0,0,0,0,0,0,0,Matches
Jamie Vardy\Jamie-Vardy,eng ENG,FW,Leicester City,32,1987,35,34,3033,23,5,4,5,2,0,0.68,0.15,0.83,0.56,0.71,19.8,16,5.4,0.59,0.16,0.75,0.47,0.63,Matches
Indiana Vassilev\Indiana-Vassilev,us USA,FWMF,Aston Villa,18,2001,4,0,51,0,0,0,0,0,0,0,0,0,0,0,0,0,0,0.05,0,0.05,0.05,0.05,Matches
Jan Vertonghen\Jan-Vertonghen,be BEL,DF,Tottenham,32,1987,23,19,1645,1,1,0,0,2,0,0.05,0.05,0.11,0.05,0.11,0.3,0.3,0.9,0.02,0.05,0.06,0.02,0.06,Matches
Jannik Vestergaard\Jannik-Vestergaard,dk DEN,DF,Southampton,26,1992,19,17,1497,1,0,0,0,3,0,0.06,0,0.06,0.06,0.06,0.9,0.9,0.1,0.05,0.01,0.06,0.05,0.06,Matches
Rúben Vinagre\Ruben-Vinagre,pt POR,DF,Wolves,20,1999,16,6,652,0,0,0,0,1,0,0,0,0,0,0,0.4,0.4,0.5,0.06,0.07,0.13,0.06,0.13,Matches
Jake Vokins\Jake-Vokins,eng ENG,DF,Southampton,19,2000,1,1,90,0,0,0,0,0,0,0,0,0,0,0,0,0,0.1,0.02,0.07,0.09,0.02,0.09,Matches
Mario Vrančić\Mario-Vrancic,ba BIH,MF,Norwich City,30,1989,20,6,636,1,0,0,0,3,0,0.14,0,0.14,0.14,0.14,1.6,1.6,1.1,0.23,0.16,0.39,0.23,0.39,Matches
Matěj Vydra\Matej-Vydra,cz CZE,FW,Burnley,27,1992,19,7,819,2,1,0,0,0,0,0.22,0.11,0.33,0.22,0.33,3.7,3.7,1,0.41,0.11,0.52,0.41,0.52,Matches
Theo Walcott\Theo-Walcott,eng ENG,MFFW,Everton,30,1989,25,17,1287,2,3,0,0,1,0,0.14,0.21,0.35,0.14,0.35,2.7,2.7,2.8,0.19,0.2,0.39,0.19,0.39,Matches
Kyle Walker\Kyle-Walker,eng ENG,DF,Manchester City,29,1990,29,28,2392,1,4,0,0,5,0,0.04,0.15,0.19,0.04,0.19,0.9,0.9,2.2,0.03,0.08,0.12,0.03,0.12,Matches
Kyle Walker-Peters\Kyle-Walker-Peters,eng ENG,DF,Tottenham,22,1997,3,3,241,0,0,0,0,0,0,0,0,0,0,0,0,0,0.1,0.01,0.03,0.04,0.01,0.04,Matches
Kyle Walker-Peters\Kyle-Walker-Peters,eng ENG,DF,Southampton,22,1997,10,7,703,0,0,0,0,1,0,0,0,0,0,0,0.1,0.1,0.5,0.01,0.07,0.08,0.01,0.08,Matches
Aaron Wan-Bissaka\Aaron-Wan-Bissaka,eng ENG,DF,Manchester Utd,21,1997,35,34,3070,0,4,0,0,8,0,0,0.12,0.12,0,0.12,0.9,0.9,3,0.03,0.09,0.12,0.03,0.12,Matches
Victor Wanyama\Victor-Wanyama,ke KEN,MF,Tottenham,28,1991,2,0,25,0,0,0,0,1,0,0,0,0,0,0,0,0,0,0,0,0,0,0,Matches
Joel Ward\Joel-Ward,eng ENG,DF,Crystal Palace,29,1989,29,27,2382,0,0,0,0,4,0,0,0,0,0,0,0.3,0.3,0.2,0.01,0.01,0.02,0.01,0.02,Matches
James Ward-Prowse\James-Ward-Prowse,eng ENG,MFDF,Southampton,24,1994,38,38,3420,5,3,1,3,9,0,0.13,0.08,0.21,0.11,0.18,7,4.6,5.2,0.18,0.14,0.32,0.12,0.26,Matches
Kelland Watts\Kelland-Watts,eng ENG,DF,Newcastle Utd,19,1999,1,0,17,0,0,0,0,0,0,0,0,0,0,0,0,0,0,0,0,0,0,0,Matches
Adam Webster\Adam-Webster,eng ENG,DF,Brighton,24,1995,31,31,2668,3,1,0,0,4,0,0.1,0.03,0.13,0.1,0.13,1.1,1.1,1,0.04,0.03,0.07,0.04,0.07,Matches
Danny Welbeck\Danny-Welbeck,eng ENG,FWMF,Watford,28,1990,18,8,822,2,0,0,0,0,0,0.22,0,0.22,0.22,0.22,3.6,3.6,0.2,0.39,0.02,0.42,0.39,0.42,Matches
Ashley Westwood\Ashley-Westwood,eng ENG,MF,Burnley,29,1990,35,35,3150,2,6,0,0,9,0,0.06,0.17,0.23,0.06,0.23,1.2,1.2,5.1,0.03,0.15,0.18,0.03,0.18,Matches
Connor Wickham\Connor-Wickham,eng ENG,FWMF,Crystal Palace,26,1993,6,0,96,1,1,0,0,0,0,0.94,0.94,1.87,0.94,1.87,1.3,1.3,0.5,1.26,0.47,1.73,1.26,1.73,Matches
Georginio Wijnaldum\Georginio-Wijnaldum,nl NED,MF,Liverpool,28,1990,37,35,2935,4,0,0,0,0,0,0.12,0,0.12,0.12,0.12,2.9,2.9,1.3,0.09,0.04,0.13,0.09,0.13,Matches
Jetro Willems\Jetro-Willems,nl NED,DF,Newcastle Utd,25,1994,19,18,1493,2,2,0,0,0,0,0.12,0.12,0.24,0.12,0.24,0.6,0.6,1.2,0.03,0.07,0.11,0.03,0.11,Matches
Brandon Williams\Brandon-Williams,eng ENG,DF,Manchester Utd,18,2000,17,11,1006,1,0,0,0,6,0,0.09,0,0.09,0.09,0.09,0.7,0.7,0.6,0.06,0.05,0.11,0.06,0.11,Matches
Neco Williams\Neco-Williams,wal WAL,DF,Liverpool,18,2001,6,3,230,0,0,0,0,1,0,0,0,0,0,0,0.3,0.3,0.1,0.1,0.04,0.14,0.1,0.14,Matches
Willian\Willian,br BRA,FW,Chelsea,30,1988,36,29,2600,9,7,4,4,4,0,0.31,0.24,0.55,0.17,0.42,7.2,4.1,6.9,0.25,0.24,0.49,0.14,0.38,Matches
Joe Willock\Joe-Willock,eng ENG,MFFW,Arsenal,19,1999,29,8,857,1,1,0,0,2,0,0.11,0.11,0.21,0.11,0.21,2.3,2.3,0.8,0.24,0.09,0.33,0.24,0.33,Matches
Jack Wilshere\Jack-Wilshere,eng ENG,MF,West Ham,27,1992,8,2,215,0,0,0,0,0,0,0,0,0,0,0,0,0,0,0,0,0,0,0,Matches
Callum Wilson\Callum-Wilson,eng ENG,FW,Bournemouth,27,1992,35,32,2908,8,1,0,0,10,0,0.25,0.03,0.28,0.25,0.28,10,10,3.2,0.31,0.1,0.41,0.31,0.41,Matches
Harry Wilson\Harry-Wilson,wal WAL,MFFW,Bournemouth,22,1997,31,20,1646,7,0,0,0,2,0,0.38,0,0.38,0.38,0.38,4.4,4.4,1.6,0.24,0.09,0.33,0.24,0.33,Matches
Harry Winks\Harry-Winks,eng ENG,MF,Tottenham,23,1996,31,26,2221,0,0,0,0,9,0,0,0,0,0,0,0.5,0.5,1.1,0.02,0.05,0.06,0.02,0.06,Matches
Chris Wood\Chris-Wood,nz NZL,FW,Burnley,27,1991,32,29,2437,14,1,1,1,1,0,0.52,0.04,0.55,0.48,0.52,12.9,12.1,0.9,0.48,0.03,0.51,0.45,0.48,Matches
Granit Xhaka\Granit-Xhaka,ch SUI,MF,Arsenal,26,1992,31,30,2586,1,2,0,0,10,0,0.03,0.07,0.1,0.03,0.1,0.4,0.4,1,0.01,0.03,0.05,0.01,0.05,Matches
Andriy Yarmolenko\Andriy-Yarmolenko,ua UKR,MFFW,West Ham,29,1989,23,10,991,5,1,0,0,2,0,0.45,0.09,0.54,0.45,0.54,2,2,2.6,0.18,0.24,0.42,0.18,0.42,Matches
DeAndre Yedlin\DeAndre-Yedlin,us USA,DF,Newcastle Utd,26,1993,16,10,938,1,0,0,0,3,0,0.1,0,0.1,0.1,0.1,0.6,0.6,0.3,0.06,0.03,0.09,0.06,0.09,Matches
Maya Yoshida\Maya-Yoshida,jp JPN,DF,Southampton,30,1988,8,6,560,0,0,0,0,1,0,0,0,0,0,0,0.5,0.5,0,0.08,0,0.08,0.08,0.08,Matches
Ashley Young\Ashley-Young,eng ENG,DF,Manchester Utd,34,1985,12,10,955,0,0,0,0,5,0,0,0,0,0,0,0.1,0.1,1.2,0.01,0.12,0.13,0.01,0.13,Matches
Pablo Zabaleta\Pablo-Zabaleta,ar ARG,DF,West Ham,34,1985,10,6,592,0,0,0,0,2,0,0,0,0,0,0,0,0,0.4,0.01,0.06,0.06,0.01,0.06,Matches
Wilfried Zaha\Wilfried-Zaha,ci CIV,MFFW,Crystal Palace,26,1992,38,37,3280,4,3,0,0,5,0,0.11,0.08,0.19,0.11,0.19,5.3,5.3,3.3,0.15,0.09,0.24,0.15,0.24,Matches
Christoph Zimmermann\Christoph-Zimmermann,de GER,DF,Norwich City,26,1993,17,16,1430,0,1,0,0,3,0,0,0.06,0.06,0,0.06,0.3,0.3,0.1,0.02,0.01,0.03,0.02,0.03,Matches
Oleksandr Zinchenko\Oleksandr-Zinchenko,ua UKR,DF,Manchester City,22,1996,19,13,1276,0,0,0,0,2,1,0,0,0,0,0,0.4,0.4,1.7,0.03,0.12,0.15,0.03,0.15,Matches
Richairo Živković\Richairo-Zivkovic,nl NED,FW,Sheffield Utd,22,1996,5,0,112,0,0,0,0,0,0,0,0,0,0,0,0,0,0.2,0.04,0.12,0.16,0.04,0.16,Matches
Kurt Zouma\Kurt-Zouma,fr FRA,DF,Chelsea,24,1994,28,25,2344,0,0,0,0,6,0,0,0,0,0,0,0.7,0.7,0.2,0.03,0.01,0.04,0.03,0.04,Matches
