,0,1,2,3,4,5,6,7,8,9,10,11,12,13,14,15,16,17,18,19,20,21,22,23,24,25,26,27,28
0,,,,,,,,,,,,,,,,,,,,,,,,,,,,,
1,,,,,,,,,,,,,,,,,,,,,,,,,,,,,
2,Patrick van Aanholt,nl NED,DF,Crystal Palace,28,1990,29,29,"2,507",3,2,1,1,0,0,0.11,0.07,0.18,0.07,0.14,2.4,1.6,3.1,0.08,0.11,0.20,0.06,0.17,Matches
3,Max Aarons,eng ENG,DF,Norwich City,19,2000,36,36,"3,240",0,1,0,0,7,0,0.00,0.03,0.03,0.00,0.03,0.5,0.5,3.4,0.01,0.09,0.11,0.01,0.11,Matches
4,Tammy Abraham,eng ENG,FW,Chelsea,21,1997,34,25,"2,215",15,3,0,0,2,0,0.61,0.12,0.73,0.61,0.73,14.6,14.6,2.6,0.59,0.10,0.70,0.59,0.70,Matches
5,Che Adams,eng ENG,FW,Southampton,23,1996,30,12,"1,111",4,2,0,0,0,0,0.32,0.16,0.49,0.32,0.49,4.2,4.2,1.3,0.34,0.10,0.44,0.34,0.44,Matches
6,Adrián,es ESP,GK,Liverpool,32,1987,11,9,875,0,0,0,0,1,0,0.00,0.00,0.00,0.00,0.00,0.0,0.0,0.0,0.00,0.00,0.00,0.00,0.00,Matches
7,Sergio Agüero,ar ARG,FW,Manchester City,31,1988,24,18,"1,452",16,3,2,3,1,0,0.99,0.19,1.18,0.87,1.05,13.8,11.5,2.4,0.85,0.15,1.00,0.71,0.86,Matches
8,Albian Ajeti,ch SUI,"MF,FW",West Ham,22,1997,9,0,139,0,0,0,0,0,0,0.00,0.00,0.00,0.00,0.00,0.1,0.1,0.1,0.07,0.03,0.11,0.07,0.11,Matches
9,Nathan Aké,nl NED,DF,Bournemouth,24,1995,29,29,"2,503",2,2,0,0,2,0,0.07,0.07,0.14,0.07,0.14,2.5,2.5,0.5,0.09,0.02,0.11,0.09,0.11,Matches
10,Marc Albrighton,eng ENG,"MF,DF",Leicester City,29,1989,20,9,867,0,3,0,0,2,0,0.00,0.31,0.31,0.00,0.31,0.6,0.6,1.9,0.06,0.19,0.26,0.06,0.26,Matches
11,Toby Alderweireld,be BEL,DF,Tottenham,30,1989,33,33,"2,957",2,2,0,0,7,0,0.06,0.06,0.12,0.06,0.12,1.1,1.1,1.1,0.03,0.03,0.07,0.03,0.07,Matches
12,Trent Alexander-Arnold,eng ENG,DF,Liverpool,20,1998,38,35,"3,175",4,13,0,0,5,0,0.11,0.37,0.48,0.11,0.48,2.9,2.9,9.7,0.08,0.27,0.36,0.08,0.36,Matches
13,Alisson,br BRA,GK,Liverpool,26,1992,29,29,"2,543",0,1,0,0,0,1,0.00,0.04,0.04,0.00,0.04,0.0,0.0,0.4,0.00,0.02,0.02,0.00,0.02,Matches
14,Dele Alli,eng ENG,"MF,FW",Tottenham,23,1996,25,21,"1,847",8,4,1,1,2,0,0.39,0.19,0.58,0.34,0.54,6.9,6.1,2.0,0.34,0.10,0.43,0.30,0.39,Matches
15,Miguel Almirón,py PAR,"MF,FW",Newcastle Utd,25,1994,36,35,"3,021",4,2,0,0,5,0,0.12,0.06,0.18,0.12,0.18,6.4,6.4,1.4,0.19,0.04,0.23,0.19,0.23,Matches
16,Marcos Alonso,es ESP,DF,Chelsea,28,1990,18,15,"1,430",4,2,0,0,4,0,0.25,0.13,0.38,0.25,0.38,2.0,2.0,2.0,0.13,0.13,0.26,0.13,0.26,Matches
17,Steven Alzate,co COL,"MF,DF",Brighton,20,1998,19,12,"1,188",0,0,0,0,1,0,0.00,0.00,0.00,0.00,0.00,1.2,1.2,0.7,0.09,0.05,0.15,0.09,0.15,Matches
18,Ibrahim Amadou,fr FRA,"DF,MF",Norwich City,26,1993,11,8,759,0,0,0,0,1,0,0.00,0.00,0.00,0.00,0.00,1.0,1.0,0.0,0.12,0.00,0.12,0.12,0.12,Matches
19,Felipe Anderson,br BRA,"MF,FW",West Ham,26,1993,25,20,"1,497",1,4,0,0,1,0,0.06,0.24,0.30,0.06,0.30,2.5,2.5,2.9,0.15,0.18,0.32,0.15,0.32,Matches
20,Florin Andone,ro ROU,"MF,FW",Brighton,26,1993,3,1,73,1,0,0,0,0,1,1.23,0.00,1.23,1.23,1.23,0.1,0.1,0.0,0.14,0.06,0.20,0.14,0.20,Matches
21,Angeliño,es ESP,DF,Manchester City,22,1997,6,4,423,0,0,0,0,1,0,0.00,0.00,0.00,0.00,0.00,0.2,0.2,1.2,0.05,0.26,0.31,0.05,0.31,Matches
22,Faustino Anjorin,eng ENG,FW,Chelsea,17,2001,1,0,20,0,0,0,0,0,0,0.00,0.00,0.00,0.00,0.00,0.0,0.0,0.0,0.04,0.00,0.04,0.04,0.04,Matches
23,Michail Antonio,eng ENG,FW,West Ham,29,1990,24,19,"1,768",10,3,1,1,3,0,0.51,0.15,0.66,0.46,0.61,11.6,10.8,2.8,0.59,0.14,0.73,0.55,0.69,Matches
24,Stuart Armstrong,sco SCO,MF,Southampton,27,1992,30,19,"1,715",5,3,0,0,4,0,0.26,0.16,0.42,0.26,0.42,2.8,2.8,1.1,0.15,0.06,0.21,0.15,0.21,Matches
25,Kepa Arrizabalaga,es ESP,GK,Chelsea,24,1994,33,33,"2,970",0,0,0,0,0,0,0.00,0.00,0.00,0.00,0.00,0.0,0.0,0.0,0.00,0.00,0.00,0.00,0.00,Matches
26,Christian Atsu,gh GHA,"FW,MF",Newcastle Utd,27,1992,19,6,749,0,3,0,0,2,0,0.00,0.36,0.36,0.00,0.36,0.2,0.2,0.9,0.02,0.11,0.13,0.02,0.13,Matches
27,,,,,,,,,,,,,,,,,,,,,,,,,,,,,
28,Pierre-Emerick Aubameyang,ga GAB,FW,Arsenal,30,1989,36,35,"3,136",22,3,2,2,3,1,0.63,0.09,0.72,0.57,0.66,15.8,14.2,3.0,0.45,0.09,0.54,0.41,0.49,Matches
29,Serge Aurier,ci CIV,DF,Tottenham,26,1992,33,31,"2,700",1,5,0,0,4,1,0.03,0.17,0.20,0.03,0.20,0.5,0.5,3.0,0.02,0.10,0.12,0.02,0.12,Matches
30,Jordan Ayew,gh GHA,"FW,MF",Crystal Palace,27,1991,37,37,"3,148",9,2,0,0,6,0,0.26,0.06,0.31,0.26,0.31,6.3,6.3,1.9,0.18,0.05,0.24,0.18,0.24,Matches
31,César Azpilicueta,es ESP,DF,Chelsea,29,1989,36,36,"3,229",2,6,0,0,1,0,0.06,0.17,0.22,0.06,0.22,2.7,2.7,5.7,0.07,0.16,0.23,0.07,0.23,Matches
32,Eric Bailly,ci CIV,DF,Manchester Utd,25,1994,4,1,150,0,0,0,0,0,0,0.00,0.00,0.00,0.00,0.00,0.0,0.0,0.0,0.00,0.00,0.00,0.00,0.00,Matches
33,Leighton Baines,eng ENG,DF,Everton,34,1984,8,4,404,0,0,0,0,0,0,0.00,0.00,0.00,0.00,0.00,0.0,0.0,0.8,0.01,0.18,0.19,0.01,0.19,Matches
34,Fabián Balbuena,py PAR,DF,West Ham,27,1991,17,13,"1,177",1,0,0,0,2,0,0.08,0.00,0.08,0.08,0.08,1.8,1.8,0.0,0.14,0.00,0.14,0.14,0.14,Matches
35,George Baldock,eng ENG,DF,Sheffield Utd,26,1993,38,38,"3,420",2,3,0,0,7,0,0.05,0.08,0.13,0.05,0.13,0.9,0.9,2.5,0.02,0.07,0.09,0.02,0.09,Matches
36,Phil Bardsley,sco SCO,DF,Burnley,34,1985,21,21,"1,890",0,1,0,0,6,0,0.00,0.05,0.05,0.00,0.05,0.2,0.2,0.7,0.01,0.03,0.04,0.01,0.04,Matches
37,Ross Barkley,eng ENG,MF,Chelsea,25,1993,21,13,"1,103",1,4,0,0,0,0,0.08,0.33,0.41,0.08,0.41,2.1,2.1,2.7,0.17,0.22,0.40,0.17,0.40,Matches
38,Ashley Barnes,at AUT,FW,Burnley,29,1989,19,17,"1,352",6,0,1,1,4,0,0.40,0.00,0.40,0.33,0.33,5.6,4.8,0.5,0.37,0.03,0.41,0.32,0.36,Matches
39,Harvey Barnes,eng ENG,"MF,FW",Leicester City,21,1997,36,24,"2,083",6,8,0,0,0,0,0.26,0.35,0.60,0.26,0.60,8.6,8.6,3.5,0.37,0.15,0.52,0.37,0.52,Matches
40,Chris Basham,eng ENG,DF,Sheffield Utd,31,1988,38,38,"3,242",0,1,0,0,4,0,0.00,0.03,0.03,0.00,0.03,0.5,0.5,1.0,0.01,0.03,0.04,0.01,0.04,Matches
41,Borja Bastón,es ESP,"MF,FW",Aston Villa,26,1992,2,0,18,0,0,0,0,0,0,0.00,0.00,0.00,0.00,0.00,0.0,0.0,0.0,0.00,0.00,0.00,0.00,0.00,Matches
42,Michy Batshuayi,be BEL,FW,Chelsea,25,1993,16,1,239,1,1,0,0,0,0,0.38,0.38,0.75,0.38,0.75,2.2,2.2,0.2,0.83,0.07,0.90,0.83,0.90,Matches
43,Jan Bednarek,pl POL,DF,Southampton,23,1996,34,34,"3,057",1,1,0,0,4,0,0.03,0.03,0.06,0.03,0.06,0.9,0.9,0.1,0.03,0.00,0.03,0.03,0.03,Matches
44,Héctor Bellerín,es ESP,DF,Arsenal,24,1995,15,13,"1,158",1,0,0,0,2,0,0.08,0.00,0.08,0.08,0.08,0.5,0.5,0.3,0.04,0.03,0.06,0.04,0.06,Matches
45,Ryan Bennett,eng ENG,DF,Wolves,29,1990,11,7,606,0,0,0,0,2,0,0.00,0.00,0.00,0.00,0.00,0.0,0.0,0.1,0.00,0.02,0.02,0.00,0.02,Matches
46,Ryan Bennett,eng ENG,DF,Leicester City,29,1990,5,3,331,0,0,0,0,0,0,0.00,0.00,0.00,0.00,0.00,0.0,0.0,0.0,0.00,0.00,0.00,0.00,0.00,Matches
47,Nabil Bentaleb,dz ALG,MF,Newcastle Utd,24,1994,12,8,751,0,0,0,0,2,0,0.00,0.00,0.00,0.00,0.00,0.1,0.1,0.2,0.01,0.03,0.04,0.01,0.04,Matches
48,Christian Benteke,be BEL,FW,Crystal Palace,28,1990,24,13,"1,261",2,1,0,0,4,1,0.14,0.07,0.21,0.14,0.21,4.9,4.9,2.1,0.35,0.15,0.50,0.35,0.50,Matches
49,Jóhann Berg Guðmundsson,is ISL,MF,Burnley,28,1990,12,6,621,1,1,0,0,0,0,0.14,0.14,0.29,0.14,0.29,1.1,1.1,0.8,0.16,0.12,0.28,0.16,0.28,Matches
50,Sander Berge,no NOR,MF,Sheffield Utd,21,1998,14,12,943,1,1,0,0,0,0,0.10,0.10,0.19,0.10,0.19,0.5,0.5,0.4,0.04,0.04,0.09,0.04,0.09,Matches
51,Steven Bergwijn,nl NED,"FW,MF",Tottenham,21,1997,14,8,704,3,1,0,0,2,0,0.38,0.13,0.51,0.38,0.51,1.2,1.2,1.0,0.15,0.12,0.27,0.15,0.27,Matches
52,Bernard,br BRA,"MF,FW",Everton,26,1992,27,15,"1,280",3,2,0,0,2,0,0.21,0.14,0.35,0.21,0.35,1.1,1.1,2.0,0.08,0.14,0.22,0.08,0.22,Matches
53,,,,,,,,,,,,,,,,,,,,,,,,,,,,,
54,Bernardo,br BRA,DF,Brighton,24,1995,14,7,679,0,0,0,0,1,0,0.00,0.00,0.00,0.00,0.00,0.2,0.2,0.2,0.03,0.02,0.06,0.03,0.06,Matches
55,Ryan Bertrand,eng ENG,DF,Southampton,29,1989,32,31,"2,742",1,1,0,0,3,1,0.03,0.03,0.07,0.03,0.07,1.7,1.7,3.6,0.05,0.12,0.17,0.05,0.17,Matches
56,Muhamed Bešić,ba BIH,MF,Sheffield Utd,26,1992,9,2,250,0,0,0,0,2,0,0.00,0.00,0.00,0.00,0.00,0.1,0.1,0.1,0.05,0.03,0.08,0.05,0.08,Matches
57,Philip Billing,dk DEN,MF,Bournemouth,23,1996,34,29,"2,530",1,1,0,0,8,0,0.04,0.04,0.07,0.04,0.07,2.5,2.5,1.1,0.09,0.04,0.13,0.09,0.13,Matches
58,Yves Bissouma,ml MLI,MF,Brighton,22,1996,22,15,"1,259",1,0,0,0,4,0,0.07,0.00,0.07,0.07,0.07,0.4,0.4,0.2,0.03,0.01,0.04,0.03,0.04,Matches
59,Willy Boly,fr FRA,DF,Wolves,28,1991,22,22,"1,979",0,1,0,0,3,1,0.00,0.05,0.05,0.00,0.05,0.3,0.3,0.3,0.01,0.02,0.03,0.01,0.03,Matches
60,Gaëtan Bong,cm CMR,"MF,DF",Brighton,31,1988,4,0,59,0,0,0,0,0,0,0.00,0.00,0.00,0.00,0.00,0.0,0.0,0.1,0.00,0.21,0.21,0.00,0.21,Matches
61,Sofiane Boufal,ma MAR,"MF,FW",Southampton,25,1993,20,8,764,0,2,0,0,2,0,0.00,0.24,0.24,0.00,0.24,1.0,1.0,2.7,0.12,0.32,0.44,0.12,0.44,Matches
62,Jarrod Bowen,eng ENG,FW,West Ham,22,1996,13,11,917,1,4,0,0,0,0,0.10,0.39,0.49,0.10,0.49,1.8,1.8,2.3,0.17,0.22,0.40,0.17,0.40,Matches
63,Robbie Brady,ie IRL,MF,Burnley,27,1992,17,5,454,1,2,0,0,1,0,0.20,0.40,0.59,0.20,0.59,1.1,1.1,0.3,0.21,0.06,0.27,0.21,0.27,Matches
64,Jarrad Branthwaite,eng ENG,DF,Everton,17,2002,4,2,300,0,0,0,0,0,0,0.00,0.00,0.00,0.00,0.00,0.0,0.0,0.0,0.00,0.00,0.00,0.00,0.00,Matches
65,Claudio Bravo,cl CHI,GK,Manchester City,36,1983,4,3,347,0,0,0,0,0,0,0.00,0.00,0.00,0.00,0.00,0.0,0.0,0.0,0.00,0.00,0.00,0.00,0.00,Matches
66,Armando Broja,al ALB,FW,Chelsea,17,2001,1,0,5,0,0,0,0,0,0,0.00,0.00,0.00,0.00,0.00,0.0,0.0,0.0,0.00,0.00,0.00,0.00,0.00,Matches
67,David Brooks,wal WAL,MF,Bournemouth,22,1997,9,8,506,1,0,0,0,1,0,0.18,0.00,0.18,0.18,0.18,0.8,0.8,0.4,0.14,0.07,0.21,0.14,0.21,Matches
68,Josh Brownhill,eng ENG,MF,Burnley,23,1995,10,9,805,0,0,0,0,2,0,0.00,0.00,0.00,0.00,0.00,0.4,0.4,0.1,0.04,0.02,0.06,0.04,0.06,Matches
69,Emi Buendía,ar ARG,"FW,MF",Norwich City,22,1996,36,28,"2,464",1,7,0,0,6,1,0.04,0.26,0.29,0.04,0.29,2.3,2.3,7.2,0.08,0.26,0.35,0.08,0.35,Matches
70,Dan Burn,eng ENG,DF,Brighton,27,1992,34,33,"2,880",0,0,0,0,5,0,0.00,0.00,0.00,0.00,0.00,1.3,1.3,1.2,0.04,0.04,0.08,0.04,0.08,Matches
71,Sam Byram,eng ENG,DF,Norwich City,25,1993,17,15,"1,293",0,0,0,0,4,0,0.00,0.00,0.00,0.00,0.00,1.1,1.1,0.5,0.08,0.04,0.12,0.08,0.12,Matches
72,Willy Caballero,ar ARG,GK,Chelsea,37,1981,5,5,450,0,0,0,0,0,0,0.00,0.00,0.00,0.00,0.00,0.0,0.0,0.0,0.00,0.00,0.00,0.00,0.00,Matches
73,Gary Cahill,eng ENG,DF,Crystal Palace,33,1985,25,25,"2,167",0,1,0,0,1,0,0.00,0.04,0.04,0.00,0.04,1.2,1.2,0.2,0.05,0.01,0.06,0.05,0.06,Matches
74,Dominic Calvert-Lewin,eng ENG,FW,Everton,22,1997,36,30,"2,626",13,1,0,0,9,0,0.45,0.03,0.48,0.45,0.48,13.9,13.9,1.0,0.48,0.03,0.51,0.48,0.51,Matches
75,Víctor Camarasa,es ESP,MF,Crystal Palace,25,1994,1,0,6,0,0,0,0,0,0,0.00,0.00,0.00,0.00,0.00,0.0,0.0,0.0,0.00,0.00,0.00,0.00,0.00,Matches
76,João Cancelo,pt POR,DF,Manchester City,25,1994,17,13,"1,208",0,0,0,0,4,0,0.00,0.00,0.00,0.00,0.00,0.5,0.5,1.7,0.04,0.13,0.17,0.04,0.17,Matches
77,Todd Cantwell,eng ENG,"FW,MF",Norwich City,21,1998,37,30,"2,489",6,2,0,0,6,0,0.22,0.07,0.29,0.22,0.29,5.9,5.9,2.7,0.21,0.10,0.31,0.21,0.31,Matches
78,Étienne Capoue,fr FRA,MF,Watford,31,1988,30,30,"2,627",0,3,0,0,8,0,0.00,0.10,0.10,0.00,0.10,0.8,0.8,3.0,0.03,0.10,0.13,0.03,0.13,Matches
79,,,,,,,,,,,,,,,,,,,,,,,,,,,,,
80,Andy Carroll,eng ENG,FW,Newcastle Utd,30,1989,19,4,632,0,4,0,0,1,0,0.00,0.57,0.57,0.00,0.57,0.9,0.9,1.7,0.13,0.24,0.36,0.13,0.36,Matches
81,Jonny Castro,es ESP,DF,Wolves,25,1994,35,33,"2,887",2,2,0,0,4,0,0.06,0.06,0.12,0.06,0.12,1.3,1.3,0.9,0.04,0.03,0.07,0.04,0.07,Matches
82,Craig Cathcart,nir NIR,DF,Watford,30,1989,29,28,"2,488",0,0,0,0,7,0,0.00,0.00,0.00,0.00,0.00,0.3,0.3,0.0,0.01,0.00,0.01,0.01,0.01,Matches
83,Dani Ceballos,es ESP,MF,Arsenal,22,1996,24,18,"1,692",0,2,0,0,1,0,0.00,0.11,0.11,0.00,0.11,0.5,0.5,1.8,0.03,0.10,0.12,0.03,0.12,Matches
84,Nathaniel Chalobah,eng ENG,MF,Watford,24,1994,22,10,930,0,1,0,0,1,0,0.00,0.10,0.10,0.00,0.10,0.5,0.5,1.2,0.05,0.12,0.17,0.05,0.17,Matches
85,Calum Chambers,eng ENG,DF,Arsenal,24,1995,14,13,"1,102",1,1,0,0,5,0,0.08,0.08,0.16,0.08,0.16,0.8,0.8,0.7,0.06,0.06,0.12,0.06,0.12,Matches
86,Ben Chilwell,eng ENG,DF,Leicester City,22,1996,27,27,"2,373",3,3,0,0,3,0,0.11,0.11,0.23,0.11,0.23,0.9,0.9,3.5,0.04,0.13,0.17,0.04,0.17,Matches
87,Tahith Chong,nl NED,"FW,MF",Manchester Utd,19,1999,3,0,37,0,0,0,0,0,0,0.00,0.00,0.00,0.00,0.00,0.1,0.1,0.0,0.13,0.00,0.13,0.13,0.13,Matches
88,Hamza Choudhury,eng ENG,MF,Leicester City,21,1997,20,10,893,1,1,0,0,4,1,0.10,0.10,0.20,0.10,0.20,0.5,0.5,0.1,0.05,0.01,0.05,0.05,0.05,Matches
89,Andreas Christensen,dk DEN,DF,Chelsea,23,1996,21,21,"1,751",0,0,0,0,5,0,0.00,0.00,0.00,0.00,0.00,0.7,0.7,1.1,0.04,0.06,0.09,0.04,0.09,Matches
90,Ciaran Clark,ie IRL,DF,Newcastle Utd,29,1989,14,14,"1,186",2,0,0,0,3,0,0.15,0.00,0.15,0.15,0.15,1.3,1.3,0.0,0.10,0.00,0.10,0.10,0.10,Matches
91,Leon Clarke,eng ENG,"FW,MF",Sheffield Utd,34,1985,2,0,35,0,0,0,0,0,0,0.00,0.00,0.00,0.00,0.00,0.4,0.4,0.0,1.00,0.00,1.00,1.00,1.00,Matches
92,Tom Cleverley,eng ENG,MF,Watford,29,1989,18,11,971,1,0,0,0,2,0,0.09,0.00,0.09,0.09,0.09,1.6,1.6,0.5,0.14,0.05,0.19,0.14,0.19,Matches
93,Conor Coady,eng ENG,DF,Wolves,26,1993,38,38,"3,420",0,0,0,0,5,0,0.00,0.00,0.00,0.00,0.00,0.0,0.0,0.7,0.00,0.02,0.02,0.00,0.02,Matches
94,Séamus Coleman,ie IRL,DF,Everton,30,1988,27,21,"1,839",0,1,0,0,5,1,0.00,0.05,0.05,0.00,0.05,0.7,0.7,0.5,0.03,0.02,0.06,0.03,0.06,Matches
95,Aaron Connolly,ie IRL,FW,Brighton,19,2000,24,14,"1,258",3,1,0,0,0,0,0.21,0.07,0.29,0.21,0.29,3.1,3.1,0.3,0.22,0.02,0.24,0.22,0.24,Matches
96,Lewis Cook,eng ENG,MF,Bournemouth,22,1997,27,14,"1,352",0,0,0,0,5,0,0.00,0.00,0.00,0.00,0.00,0.3,0.3,0.9,0.02,0.06,0.08,0.02,0.08,Matches
97,Steve Cook,eng ENG,DF,Bournemouth,28,1991,29,28,"2,428",1,0,0,0,6,1,0.04,0.00,0.04,0.04,0.04,0.8,0.8,0.3,0.03,0.01,0.04,0.03,0.04,Matches
98,Jack Cork,eng ENG,MF,Burnley,30,1989,30,30,"2,613",0,0,0,0,1,0,0.00,0.00,0.00,0.00,0.00,1.7,1.7,0.7,0.06,0.02,0.08,0.06,0.08,Matches
99,Aaron Cresswell,eng ENG,DF,West Ham,29,1989,31,31,"2,727",3,0,0,0,7,0,0.10,0.00,0.10,0.10,0.10,1.2,1.2,2.0,0.04,0.06,0.10,0.04,0.10,Matches
100,Patrick Cutrone,it ITA,FW,Wolves,21,1998,12,3,297,2,0,0,0,0,0,0.61,0.00,0.61,0.61,0.61,2.4,2.4,0.0,0.73,0.01,0.74,0.73,0.74,Matches
101,Diogo Dalot,pt POR,DF,Manchester Utd,20,1999,4,1,67,0,0,0,0,0,0,0.00,0.00,0.00,0.00,0.00,0.2,0.2,0.0,0.22,0.00,0.22,0.22,0.22,Matches
102,Charlie Daniels,eng ENG,DF,Bournemouth,32,1986,2,2,126,0,0,0,0,0,0,0.00,0.00,0.00,0.00,0.00,0.0,0.0,0.1,0.00,0.05,0.05,0.00,0.05,Matches
103,Scott Dann,eng ENG,DF,Crystal Palace,32,1987,16,14,"1,266",0,1,0,0,0,0,0.00,0.07,0.07,0.00,0.07,0.4,0.4,0.5,0.03,0.03,0.06,0.03,0.06,Matches
104,Kevin Danso,at AUT,DF,Southampton,20,1998,6,3,277,0,1,0,0,2,1,0.00,0.32,0.32,0.00,0.32,0.1,0.1,0.2,0.03,0.07,0.10,0.03,0.10,Matches
105,,,,,,,,,,,,,,,,,,,,,,,,,,,,,
106,Ben Davies,wal WAL,DF,Tottenham,26,1993,18,16,"1,431",0,0,0,0,6,0,0.00,0.00,0.00,0.00,0.00,0.2,0.2,0.6,0.01,0.04,0.06,0.01,0.06,Matches
107,Tom Davies,eng ENG,MF,Everton,21,1998,30,23,"2,027",1,0,0,0,8,0,0.04,0.00,0.04,0.04,0.04,1.9,1.9,0.3,0.08,0.01,0.10,0.08,0.10,Matches
108,Keinan Davis,eng ENG,FW,Aston Villa,21,1998,18,4,548,0,0,0,0,0,0,0.00,0.00,0.00,0.00,0.00,1.9,1.9,0.2,0.32,0.04,0.35,0.32,0.35,Matches
109,Craig Dawson,eng ENG,DF,Watford,29,1990,29,26,"2,361",2,0,0,0,6,0,0.08,0.00,0.08,0.08,0.08,2.2,2.2,0.3,0.08,0.01,0.10,0.08,0.10,Matches
110,Kevin De Bruyne,be BEL,MF,Manchester City,28,1991,35,32,"2,791",13,20,2,2,3,0,0.42,0.64,1.06,0.35,1.00,7.6,6.1,18.4,0.25,0.59,0.84,0.20,0.79,Matches
111,Troy Deeney,eng ENG,FW,Watford,31,1988,27,26,"2,225",10,2,5,6,3,0,0.40,0.08,0.49,0.20,0.28,9.9,5.3,3.4,0.40,0.14,0.54,0.21,0.35,Matches
112,Fabian Delph,eng ENG,MF,Everton,29,1989,16,13,"1,190",0,0,0,0,5,1,0.00,0.00,0.00,0.00,0.00,0.1,0.1,0.3,0.01,0.02,0.03,0.01,0.03,Matches
113,Leander Dendoncker,be BEL,"MF,DF",Wolves,24,1995,38,32,"2,795",4,0,0,0,5,0,0.13,0.00,0.13,0.13,0.13,1.7,1.7,0.6,0.05,0.02,0.07,0.05,0.07,Matches
114,Gerard Deulofeu,es ESP,FW,Watford,25,1994,28,25,"2,098",4,5,1,1,3,0,0.17,0.21,0.39,0.13,0.34,5.2,4.5,4.6,0.22,0.20,0.42,0.19,0.39,Matches
115,Eric Dier,eng ENG,"DF,MF",Tottenham,25,1994,19,15,"1,344",0,2,0,0,5,0,0.00,0.13,0.13,0.00,0.13,1.0,1.0,0.1,0.07,0.01,0.07,0.07,0.07,Matches
116,Lucas Digne,fr FRA,DF,Everton,26,1993,35,35,"3,030",0,7,0,0,6,0,0.00,0.21,0.21,0.00,0.21,1.5,1.5,5.7,0.04,0.17,0.21,0.04,0.21,Matches
117,Virgil van Dijk,nl NED,DF,Liverpool,28,1991,38,38,"3,420",5,1,0,0,1,0,0.13,0.03,0.16,0.13,0.16,2.8,2.8,1.3,0.07,0.03,0.11,0.07,0.11,Matches
118,Issa Diop,fr FRA,DF,West Ham,22,1997,32,31,"2,766",3,1,0,0,8,0,0.10,0.03,0.13,0.10,0.13,1.5,1.5,0.8,0.05,0.03,0.08,0.05,0.08,Matches
119,Moussa Djenepo,ml MLI,"MF,DF",Southampton,21,1998,18,10,928,2,2,0,0,4,1,0.19,0.19,0.39,0.19,0.39,2.5,2.5,1.3,0.24,0.12,0.37,0.24,0.37,Matches
120,Matt Doherty,ie IRL,DF,Wolves,27,1992,36,32,"2,839",4,3,0,0,1,0,0.13,0.10,0.22,0.13,0.22,5.1,5.1,1.7,0.16,0.05,0.22,0.16,0.22,Matches
121,Abdoulaye Doucouré,fr FRA,MF,Watford,26,1993,37,36,"3,156",4,2,0,0,9,0,0.11,0.06,0.17,0.11,0.17,5.0,5.0,2.6,0.14,0.08,0.22,0.14,0.22,Matches
122,Thomas Doyle,eng ENG,"MF,FW",Manchester City,17,2001,1,0,16,0,0,0,0,0,0,0.00,0.00,0.00,0.00,0.00,0.1,0.1,0.0,0.46,0.00,0.46,0.46,0.46,Matches
123,Danny Drinkwater,eng ENG,MF,Burnley,29,1990,1,1,58,0,0,0,0,0,0,0.00,0.00,0.00,0.00,0.00,0.0,0.0,0.0,0.00,0.00,0.00,0.00,0.00,Matches
124,Danny Drinkwater,eng ENG,MF,Aston Villa,29,1990,4,4,259,0,0,0,0,1,0,0.00,0.00,0.00,0.00,0.00,0.1,0.1,0.0,0.03,0.01,0.04,0.03,0.04,Matches
125,Josip Drmić,ch SUI,"FW,MF",Norwich City,26,1992,21,5,647,1,0,0,0,0,1,0.14,0.00,0.14,0.14,0.14,2.6,2.6,0.4,0.36,0.06,0.42,0.36,0.42,Matches
126,Martin Dúbravka,sk SVK,GK,Newcastle Utd,30,1989,38,38,"3,420",0,0,0,0,0,0,0.00,0.00,0.00,0.00,0.00,0.0,0.0,0.0,0.00,0.00,0.00,0.00,0.00,Matches
127,Ondrej Duda,sk SVK,MF,Norwich City,24,1994,10,9,724,0,0,0,0,0,0,0.00,0.00,0.00,0.00,0.00,0.8,0.8,1.0,0.10,0.13,0.23,0.10,0.23,Matches
128,Shane Duffy,ie IRL,DF,Brighton,27,1992,19,12,"1,238",1,0,0,0,2,0,0.07,0.00,0.07,0.07,0.07,1.5,1.5,0.0,0.11,0.00,0.11,0.11,0.11,Matches
129,Paul Dummett,wal WAL,DF,Newcastle Utd,27,1991,16,14,"1,228",0,0,0,0,2,0,0.00,0.00,0.00,0.00,0.00,0.1,0.1,0.1,0.00,0.01,0.01,0.00,0.01,Matches
130,Lewis Dunk,eng ENG,DF,Brighton,27,1991,36,36,"3,230",3,3,0,0,9,0,0.08,0.08,0.17,0.08,0.17,4.2,4.2,1.1,0.12,0.03,0.15,0.12,0.15,Matches
131,,,,,,,,,,,,,,,,,,,,,,,,,,,,,
132,Ederson,br BRA,GK,Manchester City,25,1993,35,35,"3,071",0,0,0,0,3,1,0.00,0.00,0.00,0.00,0.00,0.0,0.0,0.1,0.00,0.00,0.00,0.00,0.00,Matches
133,John Egan,ie IRL,DF,Sheffield Utd,26,1992,36,36,"3,187",2,0,0,0,5,1,0.06,0.00,0.06,0.06,0.06,2.3,2.3,0.1,0.06,0.00,0.07,0.06,0.07,Matches
134,Harvey Elliot,eng ENG,DF,Liverpool,16,2003,2,0,8,0,0,0,0,0,0,0.00,0.00,0.00,0.00,0.00,0.0,0.0,0.0,0.00,0.00,0.00,0.00,0.00,Matches
135,Ahmed Elmohamady,eg EGY,DF,Aston Villa,31,1987,18,11,"1,031",1,1,0,0,1,0,0.09,0.09,0.17,0.09,0.17,0.2,0.2,2.6,0.02,0.23,0.25,0.02,0.25,Matches
136,Björn Engels,be BEL,DF,Aston Villa,24,1994,17,15,"1,447",1,0,0,0,1,0,0.06,0.00,0.06,0.06,0.06,0.8,0.8,0.1,0.05,0.00,0.05,0.05,0.05,Matches
137,Christian Eriksen,dk DEN,"MF,FW",Tottenham,27,1992,20,10,"1,097",2,2,0,0,5,0,0.16,0.16,0.33,0.16,0.33,1.9,1.9,1.9,0.16,0.16,0.32,0.16,0.32,Matches
138,Jonny Evans,nir NIR,DF,Leicester City,31,1988,38,38,"3,383",1,1,0,0,8,1,0.03,0.03,0.05,0.03,0.05,2.6,2.6,0.6,0.07,0.01,0.08,0.07,0.08,Matches
139,Łukasz Fabiański,pl POL,GK,West Ham,34,1985,25,25,"2,117",0,0,0,0,1,0,0.00,0.00,0.00,0.00,0.00,0.0,0.0,0.0,0.00,0.00,0.00,0.00,0.00,Matches
140,Fabinho,br BRA,MF,Liverpool,25,1993,28,22,"2,079",2,3,0,0,6,0,0.09,0.13,0.22,0.09,0.22,0.4,0.4,1.8,0.02,0.08,0.09,0.02,0.09,Matches
141,Ralf Fährmann,de GER,GK,Norwich City,30,1988,1,1,21,0,0,0,0,0,0,0.00,0.00,0.00,0.00,0.00,0.0,0.0,0.0,0.00,0.00,0.00,0.00,0.00,Matches
142,Akin Famewo,eng ENG,MF,Norwich City,20,1998,1,0,1,0,0,0,0,0,0,0.00,0.00,0.00,0.00,0.00,0.0,0.0,0.0,0.00,0.00,0.00,0.00,0.00,Matches
143,Kiko Femenía,es ESP,DF,Watford,28,1991,28,26,"2,237",0,0,0,0,5,0,0.00,0.00,0.00,0.00,0.00,0.1,0.1,1.6,0.00,0.06,0.07,0.00,0.07,Matches
144,Bruno Fernandes,pt POR,MF,Manchester Utd,24,1994,14,14,"1,186",8,7,4,4,2,0,0.61,0.53,1.14,0.30,0.83,5.9,2.8,2.6,0.45,0.19,0.64,0.21,0.41,Matches
145,Gedson Fernandes,pt POR,"MF,DF",Tottenham,20,1999,7,0,68,0,0,0,0,0,0,0.00,0.00,0.00,0.00,0.00,0.0,0.0,0.2,0.06,0.22,0.28,0.06,0.28,Matches
146,Federico Fernández,ar ARG,DF,Newcastle Utd,30,1989,32,29,"2,620",2,2,0,0,8,0,0.07,0.07,0.14,0.07,0.14,1.7,1.7,0.2,0.06,0.01,0.07,0.06,0.07,Matches
147,Fernandinho,br BRA,DF,Manchester City,34,1985,30,26,"2,397",0,1,0,0,9,2,0.00,0.04,0.04,0.00,0.04,1.1,1.1,0.6,0.04,0.02,0.06,0.04,0.06,Matches
148,Roberto Firmino,br BRA,FW,Liverpool,27,1991,38,34,"2,988",9,8,0,0,0,0,0.27,0.24,0.51,0.27,0.51,13.4,13.4,6.1,0.40,0.18,0.59,0.40,0.59,Matches
149,John Fleck,sco SCO,MF,Sheffield Utd,27,1991,30,28,"2,516",5,2,0,0,8,0,0.18,0.07,0.25,0.18,0.25,3.3,3.3,3.4,0.12,0.12,0.24,0.12,0.24,Matches
150,Phil Foden,eng ENG,"FW,MF",Manchester City,19,2000,23,9,901,5,2,0,0,0,0,0.50,0.20,0.70,0.50,0.70,4.3,4.3,2.0,0.43,0.20,0.63,0.43,0.63,Matches
151,Pablo Fornals,es ESP,"MF,FW",West Ham,23,1996,36,24,"2,172",2,5,0,0,3,0,0.08,0.21,0.29,0.08,0.29,2.8,2.8,2.1,0.12,0.09,0.20,0.12,0.20,Matches
152,Ben Foster,eng ENG,GK,Watford,36,1983,38,38,"3,420",0,0,0,0,1,0,0.00,0.00,0.00,0.00,0.00,0.1,0.1,0.0,0.00,0.00,0.00,0.00,0.00,Matches
153,Timothy Fosu-Mensah,nl NED,DF,Manchester Utd,21,1998,3,2,136,0,0,0,0,1,0,0.00,0.00,0.00,0.00,0.00,0.1,0.1,0.1,0.04,0.08,0.13,0.04,0.13,Matches
154,Dimitri Foulquier,fr FRA,"MF,DF",Watford,26,1993,3,1,59,0,0,0,0,0,0,0.00,0.00,0.00,0.00,0.00,0.0,0.0,0.0,0.00,0.03,0.03,0.00,0.03,Matches
155,Juan Foyth,ar ARG,DF,Tottenham,21,1998,4,1,68,0,0,0,0,1,0,0.00,0.00,0.00,0.00,0.00,0.0,0.0,0.0,0.00,0.02,0.02,0.00,0.02,Matches
156,Simon Francis,eng ENG,DF,Bournemouth,34,1985,15,10,969,0,0,0,0,5,1,0.00,0.00,0.00,0.00,0.00,0.2,0.2,0.3,0.02,0.03,0.04,0.02,0.04,Matches
157,,,,,,,,,,,,,,,,,,,,,,,,,,,,,
158,Ryan Fraser,sco SCO,"MF,FW",Bournemouth,25,1994,28,21,"2,067",1,4,0,0,2,0,0.04,0.17,0.22,0.04,0.22,3.2,3.2,4.1,0.14,0.18,0.32,0.14,0.32,Matches
159,Fred,br BRA,MF,Manchester Utd,26,1993,29,23,"2,163",0,0,0,0,8,0,0.00,0.00,0.00,0.00,0.00,1.9,1.9,2.5,0.08,0.10,0.18,0.08,0.18,Matches
160,Ryan Fredericks,eng ENG,DF,West Ham,26,1992,27,25,"2,237",0,3,0,0,7,0,0.00,0.12,0.12,0.00,0.12,0.2,0.2,2.4,0.01,0.10,0.10,0.01,0.10,Matches
161,Kieron Freeman,wal WAL,FW,Sheffield Utd,27,1992,2,0,7,0,0,0,0,0,0,0.00,0.00,0.00,0.00,0.00,0.0,0.0,0.0,0.00,0.00,0.00,0.00,0.00,Matches
162,Luke Freeman,eng ENG,MF,Sheffield Utd,27,1992,11,3,366,0,0,0,0,2,0,0.00,0.00,0.00,0.00,0.00,0.1,0.1,0.3,0.01,0.07,0.08,0.01,0.08,Matches
163,Christian Fuchs,at AUT,DF,Leicester City,33,1986,11,8,772,0,0,0,0,0,0,0.00,0.00,0.00,0.00,0.00,0.2,0.2,0.1,0.02,0.01,0.03,0.02,0.03,Matches
164,Eric García,es ESP,DF,Manchester City,18,2001,13,8,793,0,0,0,0,1,0,0.00,0.00,0.00,0.00,0.00,0.6,0.6,0.2,0.07,0.02,0.09,0.07,0.09,Matches
165,James Garner,eng ENG,MF,Manchester Utd,18,2001,1,0,9,0,0,0,0,0,0,0.00,0.00,0.00,0.00,0.00,0.0,0.0,0.0,0.00,0.00,0.00,0.00,0.00,Matches
166,Dwight Gayle,eng ENG,FW,Newcastle Utd,28,1990,20,10,850,4,2,0,0,2,0,0.42,0.21,0.64,0.42,0.64,4.5,4.5,0.8,0.48,0.08,0.56,0.48,0.56,Matches
167,Paulo Gazzaniga,ar ARG,GK,Tottenham,27,1992,18,17,"1,613",0,0,0,0,1,0,0.00,0.00,0.00,0.00,0.00,0.0,0.0,0.3,0.00,0.02,0.02,0.00,0.02,Matches
168,Jean-Philippe Gbamin,ci CIV,MF,Everton,23,1995,2,1,136,0,0,0,0,0,0,0.00,0.00,0.00,0.00,0.00,0.0,0.0,0.0,0.00,0.00,0.00,0.00,0.00,Matches
169,David de Gea,es ESP,GK,Manchester Utd,28,1990,38,38,"3,420",0,0,0,0,2,0,0.00,0.00,0.00,0.00,0.00,0.0,0.0,0.0,0.00,0.00,0.00,0.00,0.00,Matches
170,Anwar El Ghazi,nl NED,"FW,MF",Aston Villa,24,1995,34,26,"2,051",4,4,1,1,3,0,0.18,0.18,0.35,0.13,0.31,5.8,5.1,2.8,0.26,0.12,0.38,0.22,0.34,Matches
171,Morgan Gibbs-White,eng ENG,"MF,FW",Wolves,19,2000,7,1,129,0,0,0,0,0,0,0.00,0.00,0.00,0.00,0.00,0.1,0.1,0.1,0.05,0.07,0.12,0.05,0.12,Matches
172,Billy Gilmour,sco SCO,MF,Chelsea,18,2001,6,2,194,0,0,0,0,0,0,0.00,0.00,0.00,0.00,0.00,0.0,0.0,0.1,0.01,0.06,0.08,0.01,0.08,Matches
173,Olivier Giroud,fr FRA,FW,Chelsea,32,1986,18,12,993,8,0,0,0,1,0,0.73,0.00,0.73,0.73,0.73,6.7,6.7,1.3,0.61,0.12,0.73,0.61,0.73,Matches
174,Ben Godfrey,eng ENG,DF,Norwich City,21,1998,30,30,"2,644",0,0,0,0,3,1,0.00,0.00,0.00,0.00,0.00,0.8,0.8,0.1,0.03,0.00,0.03,0.03,0.03,Matches
175,André Gomes,pt POR,MF,Everton,26,1993,19,17,"1,458",0,1,0,0,6,0,0.00,0.06,0.06,0.00,0.06,0.2,0.2,0.8,0.02,0.05,0.06,0.02,0.06,Matches
176,Angel Gomes,eng ENG,MF,Manchester Utd,18,2000,2,0,21,0,0,0,0,0,0,0.00,0.00,0.00,0.00,0.00,0.0,0.0,0.1,0.00,0.54,0.54,0.00,0.54,Matches
177,Joe Gomez,eng ENG,DF,Liverpool,22,1997,28,22,"2,004",0,0,0,0,7,0,0.00,0.00,0.00,0.00,0.00,0.0,0.0,0.2,0.00,0.01,0.01,0.00,0.01,Matches
178,Anthony Gordon,eng ENG,"MF,FW",Everton,18,2001,11,4,440,0,1,0,0,0,0,0.00,0.20,0.20,0.00,0.20,0.3,0.3,0.4,0.05,0.07,0.12,0.05,0.12,Matches
179,Dan Gosling,eng ENG,MF,Bournemouth,29,1990,24,14,"1,264",3,1,0,0,3,0,0.21,0.07,0.28,0.21,0.28,2.1,2.1,1.0,0.15,0.07,0.22,0.15,0.22,Matches
180,Andre Gray,eng ENG,FW,Watford,28,1991,23,7,755,2,0,0,0,1,0,0.24,0.00,0.24,0.24,0.24,2.9,2.9,1.6,0.35,0.19,0.54,0.35,0.54,Matches
181,Demarai Gray,eng ENG,"MF,FW",Leicester City,23,1996,21,3,622,2,3,0,1,1,0,0.29,0.43,0.72,0.29,0.72,2.5,1.8,1.6,0.36,0.23,0.59,0.25,0.48,Matches
182,Jack Grealish,eng ENG,"FW,MF",Aston Villa,23,1995,36,36,"3,233",8,6,0,1,8,0,0.22,0.17,0.39,0.22,0.39,6.4,5.6,6.9,0.18,0.19,0.37,0.16,0.35,Matches
183,,,,,,,,,,,,,,,,,,,,,,,,,,,,,
184,Mason Greenwood,eng ENG,FW,Manchester Utd,17,2001,31,12,"1,320",10,1,0,0,0,0,0.68,0.07,0.75,0.68,0.75,3.7,3.7,0.7,0.25,0.05,0.30,0.25,0.30,Matches
185,Arnaut Groeneveld,nl NED,MF,Bournemouth,22,1997,14,6,630,0,0,0,0,0,0,0.00,0.00,0.00,0.00,0.00,1.1,1.1,0.3,0.16,0.04,0.19,0.16,0.19,Matches
186,Pascal Groß,de GER,"FW,MF",Brighton,28,1991,29,22,"1,796",2,4,0,0,4,0,0.10,0.20,0.30,0.10,0.30,1.8,1.8,5.1,0.09,0.26,0.35,0.09,0.35,Matches
187,Vicente Guaita,es ESP,GK,Crystal Palace,32,1987,35,35,"3,150",0,0,0,0,1,0,0.00,0.00,0.00,0.00,0.00,0.0,0.0,0.0,0.00,0.00,0.00,0.00,0.00,Matches
188,Mattéo Guendouzi,fr FRA,MF,Arsenal,20,1999,24,19,"1,748",0,1,0,0,6,0,0.00,0.05,0.05,0.00,0.05,0.7,0.7,1.3,0.03,0.07,0.10,0.03,0.10,Matches
189,Frederic Guilbert,fr FRA,DF,Aston Villa,24,1994,25,22,"2,041",0,2,0,0,7,0,0.00,0.09,0.09,0.00,0.09,0.4,0.4,1.4,0.02,0.06,0.08,0.02,0.08,Matches
190,İlkay Gündoğan,de GER,MF,Manchester City,28,1990,31,21,"2,020",2,1,1,2,7,0,0.09,0.04,0.13,0.04,0.09,4.5,3.0,2.8,0.20,0.12,0.32,0.13,0.26,Matches
191,Angus Gunn,eng ENG,GK,Southampton,23,1996,10,10,900,0,0,0,0,0,0,0.00,0.00,0.00,0.00,0.00,0.0,0.0,0.0,0.00,0.00,0.00,0.00,0.00,Matches
192,Sébastien Haller,fr FRA,FW,West Ham,25,1994,32,24,"2,266",7,1,0,0,1,0,0.28,0.04,0.32,0.28,0.32,7.7,7.7,1.9,0.31,0.08,0.38,0.31,0.38,Matches
193,Grant Hanley,sco SCO,DF,Norwich City,27,1991,15,14,"1,262",0,0,0,0,4,0,0.00,0.00,0.00,0.00,0.00,0.5,0.5,0.0,0.03,0.00,0.03,0.03,0.03,Matches
194,Kortney Hause,eng ENG,DF,Aston Villa,24,1995,18,17,"1,545",1,0,0,0,3,0,0.06,0.00,0.06,0.06,0.06,2.2,2.2,0.2,0.13,0.01,0.14,0.13,0.14,Matches
195,Isaac Hayden,eng ENG,MF,Newcastle Utd,24,1995,29,26,"2,223",1,2,0,0,4,1,0.04,0.08,0.12,0.04,0.12,1.2,1.2,1.5,0.05,0.06,0.11,0.05,0.11,Matches
196,Tom Heaton,eng ENG,GK,Aston Villa,33,1986,20,20,"1,794",0,0,0,0,0,0,0.00,0.00,0.00,0.00,0.00,0.0,0.0,0.0,0.00,0.00,0.00,0.00,0.00,Matches
197,Dean Henderson,eng ENG,GK,Sheffield Utd,22,1997,36,36,"3,240",0,0,0,0,2,0,0.00,0.00,0.00,0.00,0.00,0.0,0.0,0.0,0.00,0.00,0.00,0.00,0.00,Matches
198,Jordan Henderson,eng ENG,MF,Liverpool,29,1990,30,26,"2,238",4,5,0,0,2,0,0.16,0.20,0.36,0.16,0.36,1.4,1.4,2.9,0.06,0.11,0.17,0.06,0.17,Matches
199,Jeff Hendrick,ie IRL,MF,Burnley,27,1992,24,22,"1,931",2,2,0,0,8,0,0.09,0.09,0.19,0.09,0.19,1.6,1.6,0.8,0.07,0.04,0.11,0.07,0.11,Matches
200,Wayne Hennessey,wal WAL,GK,Crystal Palace,32,1987,3,3,270,0,0,0,0,0,0,0.00,0.00,0.00,0.00,0.00,0.0,0.0,0.0,0.00,0.00,0.00,0.00,0.00,Matches
201,Javier Hernández,mx MEX,FW,West Ham,31,1988,2,1,107,1,0,0,0,0,0,0.84,0.00,0.84,0.84,0.84,0.7,0.7,0.0,0.62,0.00,0.62,0.62,0.62,Matches
202,Onel Hernández,cu CUB,"FW,MF",Norwich City,26,1993,26,14,"1,384",1,2,0,0,0,0,0.07,0.13,0.20,0.07,0.20,2.6,2.6,0.9,0.17,0.06,0.23,0.17,0.23,Matches
203,Son Heung-min,kr KOR,"FW,MF",Tottenham,27,1992,30,28,"2,476",11,10,0,1,0,2,0.40,0.36,0.76,0.40,0.76,8.7,7.8,6.8,0.31,0.25,0.56,0.28,0.53,Matches
204,George Hirst,eng ENG,FW,Leicester City,20,1999,2,0,11,0,0,0,0,0,0,0.00,0.00,0.00,0.00,0.00,0.1,0.1,0.0,0.96,0.00,0.96,0.96,0.96,Matches
205,Rob Holding,eng ENG,DF,Arsenal,23,1995,8,6,581,0,0,0,0,1,0,0.00,0.00,0.00,0.00,0.00,0.1,0.1,0.0,0.01,0.00,0.01,0.01,0.01,Matches
206,José Holebas,gr GRE,DF,Watford,35,1984,14,11,"1,025",0,0,0,0,5,0,0.00,0.00,0.00,0.00,0.00,0.5,0.5,0.7,0.05,0.06,0.11,0.05,0.11,Matches
207,Mason Holgate,eng ENG,DF,Everton,22,1996,27,24,"2,054",0,3,0,0,5,0,0.00,0.13,0.13,0.00,0.13,2.2,2.2,0.4,0.10,0.02,0.12,0.10,0.12,Matches
208,Nathan Holland,eng ENG,MF,West Ham,21,1998,2,0,33,0,0,0,0,0,0,0.00,0.00,0.00,0.00,0.00,0.0,0.0,0.0,0.13,0.00,0.13,0.13,0.13,Matches
209,,,,,,,,,,,,,,,,,,,,,,,,,,,,,
210,Conor Hourihane,ie IRL,MF,Aston Villa,28,1991,27,18,"1,534",3,5,0,0,4,0,0.18,0.29,0.47,0.18,0.47,1.7,1.7,5.2,0.10,0.30,0.40,0.10,0.40,Matches
211,Callum Hudson-Odoi,eng ENG,FW,Chelsea,18,2000,22,7,863,1,5,0,0,1,0,0.10,0.52,0.63,0.10,0.63,1.7,1.7,2.8,0.17,0.29,0.46,0.17,0.46,Matches
212,Will Hughes,eng ENG,"MF,FW",Watford,24,1995,30,27,"2,252",1,1,0,0,9,0,0.04,0.04,0.08,0.04,0.08,2.7,2.7,1.3,0.11,0.05,0.16,0.11,0.16,Matches
213,Pierre Højbjerg,dk DEN,MF,Southampton,23,1995,33,30,"2,752",0,1,0,0,5,0,0.00,0.03,0.03,0.00,0.03,2.6,2.6,2.0,0.09,0.07,0.15,0.09,0.15,Matches
214,Jordon Ibe,eng ENG,DF,Bournemouth,23,1995,2,0,50,0,0,0,0,0,0,0.00,0.00,0.00,0.00,0.00,0.0,0.0,0.0,0.00,0.00,0.00,0.00,0.00,Matches
215,Adam Idah,ie IRL,"FW,MF",Norwich City,18,2001,12,1,228,0,0,0,0,0,0,0.00,0.00,0.00,0.00,0.00,1.0,1.0,0.0,0.39,0.01,0.40,0.39,0.40,Matches
216,Odion Ighalo,ng NGA,FW,Manchester Utd,30,1989,11,0,101,0,0,0,0,0,0,0.00,0.00,0.00,0.00,0.00,1.5,1.5,0.2,1.33,0.15,1.49,1.33,1.49,Matches
217,Kelechi Iheanacho,ng NGA,FW,Leicester City,22,1996,20,12,960,5,3,0,0,1,0,0.47,0.28,0.75,0.47,0.75,4.8,4.8,2.5,0.45,0.23,0.68,0.45,0.68,Matches
218,Danny Ings,eng ENG,FW,Southampton,27,1992,38,32,"2,804",22,2,1,2,3,0,0.71,0.06,0.77,0.67,0.74,16.9,15.4,2.7,0.54,0.09,0.63,0.49,0.58,Matches
219,Alex Iwobi,ng NGA,"MF,FW",Everton,23,1996,25,19,"1,596",1,0,0,0,0,0,0.06,0.00,0.06,0.06,0.06,2.3,2.3,2.3,0.13,0.13,0.26,0.13,0.26,Matches
220,Phil Jagielka,eng ENG,DF,Sheffield Utd,36,1982,6,2,244,0,0,0,0,0,0,0.00,0.00,0.00,0.00,0.00,0.0,0.0,0.0,0.00,0.00,0.00,0.00,0.00,Matches
221,Alireza Jahanbakhsh,ir IRN,"FW,MF",Brighton,25,1993,10,3,311,2,0,0,0,0,0,0.58,0.00,0.58,0.58,0.58,0.5,0.5,0.0,0.15,0.01,0.17,0.15,0.17,Matches
222,Daniel James,wal WAL,FW,Manchester Utd,21,1997,33,26,"2,287",3,6,0,0,4,0,0.12,0.24,0.35,0.12,0.35,3.6,3.6,4.0,0.14,0.16,0.30,0.14,0.30,Matches
223,Matty James,eng ENG,MF,Leicester City,28,1991,1,0,6,0,0,0,0,0,0,0.00,0.00,0.00,0.00,0.00,0.0,0.0,0.0,0.00,0.00,0.00,0.00,0.00,Matches
224,Reece James,eng ENG,DF,Chelsea,19,1999,24,16,"1,515",0,2,0,0,1,0,0.00,0.12,0.12,0.00,0.12,0.8,0.8,3.4,0.05,0.20,0.24,0.05,0.24,Matches
225,Daryl Janmaat,nl NED,DF,Watford,30,1989,8,7,607,0,1,0,0,1,0,0.00,0.15,0.15,0.00,0.15,0.3,0.3,0.4,0.05,0.07,0.11,0.05,0.11,Matches
226,Gabriel Jesus,br BRA,FW,Manchester City,22,1997,34,21,"2,030",14,7,0,1,3,0,0.62,0.31,0.93,0.62,0.93,18.5,17.7,3.7,0.82,0.17,0.98,0.78,0.95,Matches
227,Raúl Jiménez,mx MEX,FW,Wolves,28,1991,38,37,"3,236",17,6,4,4,3,0,0.47,0.17,0.64,0.36,0.53,14.5,11.5,5.5,0.40,0.15,0.56,0.32,0.47,Matches
228,Joelinton,br BRA,FW,Newcastle Utd,22,1996,38,32,"2,683",2,2,0,0,7,0,0.07,0.07,0.13,0.07,0.13,4.8,4.8,2.4,0.16,0.08,0.24,0.16,0.24,Matches
229,Ben Johnson,eng ENG,DF,West Ham,19,2000,3,3,270,0,0,0,0,0,0,0.00,0.00,0.00,0.00,0.00,0.0,0.0,0.2,0.00,0.05,0.06,0.00,0.06,Matches
230,Curtis Jones,eng ENG,MF,Liverpool,18,2001,6,1,126,1,0,0,0,0,0,0.71,0.00,0.71,0.71,0.71,0.9,0.9,0.0,0.63,0.00,0.63,0.63,0.63,Matches
231,Phil Jones,eng ENG,DF,Manchester Utd,27,1992,2,2,135,0,0,0,0,0,0,0.00,0.00,0.00,0.00,0.00,0.2,0.2,0.0,0.10,0.00,0.10,0.10,0.10,Matches
232,Bruno Jordão,pt POR,FW,Wolves,20,1998,1,0,7,0,0,0,0,0,0,0.00,0.00,0.00,0.00,0.00,0.0,0.0,0.0,0.00,0.00,0.00,0.00,0.00,Matches
233,Jorginho,it ITA,MF,Chelsea,27,1991,31,27,"2,379",4,2,3,3,10,0,0.15,0.08,0.23,0.04,0.11,3.4,1.1,2.4,0.13,0.09,0.22,0.04,0.13,Matches
234,Jota,es ESP,"FW,MF",Aston Villa,28,1991,10,4,335,0,1,0,0,0,0,0.00,0.27,0.27,0.00,0.27,0.2,0.2,0.7,0.06,0.18,0.24,0.06,0.24,Matches
235,,,,,,,,,,,,,,,,,,,,,,,,,,,,,
236,Diogo Jota,pt POR,"FW,MF",Wolves,22,1996,34,27,"2,284",7,1,0,0,4,0,0.28,0.04,0.32,0.28,0.32,9.7,9.7,3.8,0.38,0.15,0.53,0.38,0.53,Matches
237,James Justin,eng ENG,DF,Leicester City,21,1998,13,11,"1,012",0,1,0,0,1,0,0.00,0.09,0.09,0.00,0.09,0.3,0.3,1.2,0.03,0.10,0.13,0.03,0.13,Matches
238,Christian Kabasele,be BEL,DF,Watford,28,1991,27,26,"2,250",0,2,0,0,3,2,0.00,0.08,0.08,0.00,0.08,1.1,1.1,0.5,0.04,0.02,0.06,0.04,0.06,Matches
239,Harry Kane,eng ENG,FW,Tottenham,26,1993,29,29,"2,587",18,2,2,2,4,0,0.63,0.07,0.70,0.56,0.63,10.6,9.1,2.5,0.37,0.09,0.46,0.32,0.40,Matches
240,N'Golo Kanté,fr FRA,MF,Chelsea,28,1991,22,20,"1,732",3,0,0,0,4,0,0.16,0.00,0.16,0.16,0.16,1.5,1.5,2.0,0.08,0.11,0.19,0.08,0.19,Matches
241,Moise Kean,it ITA,FW,Everton,19,2000,29,6,852,2,2,0,0,1,0,0.21,0.21,0.42,0.21,0.42,4.2,4.2,1.0,0.45,0.11,0.56,0.45,0.56,Matches
242,Michael Keane,eng ENG,DF,Everton,26,1993,31,28,"2,559",2,0,0,0,3,0,0.07,0.00,0.07,0.07,0.07,1.6,1.6,0.7,0.06,0.02,0.08,0.06,0.08,Matches
243,Naby Keïta,gn GUI,MF,Liverpool,24,1995,18,9,815,2,3,0,0,1,0,0.22,0.33,0.55,0.22,0.55,1.6,1.6,2.3,0.17,0.25,0.43,0.17,0.43,Matches
244,Lloyd Kelly,eng ENG,DF,Bournemouth,20,1998,8,7,639,0,0,0,0,2,0,0.00,0.00,0.00,0.00,0.00,0.0,0.0,0.2,0.00,0.03,0.03,0.00,0.03,Matches
245,Martin Kelly,eng ENG,DF,Crystal Palace,29,1990,19,17,"1,549",0,1,0,0,0,0,0.00,0.06,0.06,0.00,0.06,0.1,0.1,0.9,0.00,0.05,0.06,0.00,0.06,Matches
246,Max Kilman,eng ENG,DF,Wolves,22,1997,3,2,185,0,0,0,0,0,0,0.00,0.00,0.00,0.00,0.00,0.0,0.0,0.0,0.00,0.00,0.00,0.00,0.00,Matches
247,Joshua King,no NOR,"FW,MF",Bournemouth,27,1992,26,24,"2,011",6,4,3,3,0,0,0.27,0.18,0.45,0.13,0.31,6.5,4.3,3.7,0.29,0.17,0.46,0.19,0.36,Matches
248,Timm Klose,ch SUI,DF,Norwich City,31,1988,7,7,585,0,0,0,0,0,0,0.00,0.00,0.00,0.00,0.00,0.4,0.4,0.0,0.06,0.00,0.06,0.06,0.06,Matches
249,Jonathan Kodjia,ci CIV,"FW,MF",Aston Villa,29,1989,6,0,117,0,0,0,0,1,0,0.00,0.00,0.00,0.00,0.00,0.1,0.1,0.0,0.04,0.00,0.04,0.04,0.04,Matches
250,Sead Kolašinac,ba BIH,DF,Arsenal,26,1993,26,19,"1,701",0,2,0,0,4,0,0.00,0.11,0.11,0.00,0.11,0.6,0.6,1.0,0.03,0.05,0.09,0.03,0.09,Matches
251,Ezri Konsa,eng ENG,DF,Aston Villa,21,1997,25,24,"2,039",1,2,0,0,3,0,0.04,0.09,0.13,0.04,0.13,1.5,1.5,0.4,0.07,0.02,0.09,0.07,0.09,Matches
252,Cheikhou Kouyaté,sn SEN,"MF,DF",Crystal Palace,29,1989,35,29,"2,528",1,1,0,0,4,0,0.04,0.04,0.07,0.04,0.07,1.8,1.8,0.8,0.07,0.03,0.09,0.07,0.09,Matches
253,Mateo Kovačić,hr CRO,MF,Chelsea,25,1994,31,23,"2,073",1,3,0,0,8,0,0.04,0.13,0.17,0.04,0.17,1.4,1.4,1.9,0.06,0.08,0.14,0.06,0.14,Matches
254,Emil Krafth,se SWE,DF,Newcastle Utd,24,1994,17,11,"1,020",0,1,0,0,0,0,0.00,0.09,0.09,0.00,0.09,0.3,0.3,0.4,0.03,0.04,0.06,0.03,0.06,Matches
255,Tim Krul,nl NED,GK,Norwich City,31,1988,36,36,"3,240",0,0,0,0,4,0,0.00,0.00,0.00,0.00,0.00,0.0,0.0,0.0,0.00,0.00,0.00,0.00,0.00,Matches
256,Alexandre Lacazette,fr FRA,FW,Arsenal,28,1991,30,22,"1,874",10,4,0,0,8,0,0.48,0.19,0.67,0.48,0.67,8.5,8.5,3.1,0.41,0.15,0.56,0.41,0.56,Matches
257,Adam Lallana,eng ENG,"MF,FW",Liverpool,31,1988,15,3,382,1,1,0,0,1,0,0.24,0.24,0.47,0.24,0.47,1.0,1.0,0.8,0.25,0.18,0.42,0.25,0.42,Matches
258,Érik Lamela,ar ARG,"MF,FW",Tottenham,27,1992,25,12,"1,215",2,1,0,0,3,0,0.15,0.07,0.22,0.15,0.22,2.7,2.7,1.6,0.20,0.12,0.32,0.20,0.32,Matches
259,Tariq Lamptey,eng ENG,DF,Brighton,18,2000,8,7,588,0,1,0,0,2,0,0.00,0.15,0.15,0.00,0.15,0.1,0.1,0.6,0.01,0.09,0.10,0.01,0.10,Matches
260,Tariq Lamptey,eng ENG,DF,Chelsea,18,2000,1,0,32,0,0,0,0,0,0,0.00,0.00,0.00,0.00,0.00,0.0,0.0,0.1,0.00,0.34,0.34,0.00,0.34,Matches
261,,,,,,,,,,,,,,,,,,,,,,,,,,,,,
262,Henri Lansbury,eng ENG,MF,Aston Villa,28,1990,10,2,195,0,0,0,0,0,0,0.00,0.00,0.00,0.00,0.00,0.1,0.1,0.1,0.05,0.03,0.09,0.05,0.09,Matches
263,Manuel Lanzini,ar ARG,"MF,FW",West Ham,26,1993,24,14,"1,379",0,2,0,0,1,0,0.00,0.13,0.13,0.00,0.13,2.0,2.0,2.6,0.13,0.17,0.30,0.13,0.30,Matches
264,Aymeric Laporte,fr FRA,DF,Manchester City,25,1994,15,14,"1,097",1,0,0,0,1,0,0.08,0.00,0.08,0.08,0.08,0.4,0.4,0.1,0.03,0.01,0.04,0.03,0.04,Matches
265,Jamaal Lascelles,eng ENG,DF,Newcastle Utd,25,1993,24,24,"2,076",1,0,0,0,5,0,0.04,0.00,0.04,0.04,0.04,0.3,0.3,0.1,0.01,0.01,0.02,0.01,0.02,Matches
266,Valentino Lazaro,at AUT,"DF,MF",Newcastle Utd,23,1996,13,4,480,1,0,0,0,0,1,0.19,0.00,0.19,0.19,0.19,0.4,0.4,0.2,0.08,0.04,0.12,0.08,0.12,Matches
267,Moritz Leitner,de GER,MF,Norwich City,26,1992,9,7,685,0,0,0,0,1,0,0.00,0.00,0.00,0.00,0.00,0.2,0.2,0.3,0.02,0.05,0.07,0.02,0.07,Matches
268,Florian Lejeune,fr FRA,DF,Newcastle Utd,28,1991,6,4,442,2,0,0,0,0,0,0.41,0.00,0.41,0.41,0.41,0.5,0.5,0.1,0.10,0.01,0.11,0.10,0.11,Matches
269,Aaron Lennon,eng ENG,MF,Burnley,32,1987,16,4,496,0,0,0,0,4,0,0.00,0.00,0.00,0.00,0.00,0.0,0.0,0.1,0.00,0.02,0.02,0.00,0.02,Matches
270,Bernd Leno,de GER,GK,Arsenal,27,1992,30,30,"2,649",0,0,0,0,2,0,0.00,0.00,0.00,0.00,0.00,0.0,0.0,0.0,0.00,0.00,0.00,0.00,0.00,Matches
271,Jefferson Lerma,co COL,MF,Bournemouth,24,1994,33,31,"2,703",1,2,0,0,13,1,0.03,0.07,0.10,0.03,0.10,1.3,1.3,1.8,0.04,0.06,0.10,0.04,0.10,Matches
272,Jamal Lewis,nir NIR,DF,Norwich City,21,1998,28,25,"2,304",1,0,0,0,4,0,0.04,0.00,0.04,0.04,0.04,0.3,0.3,1.0,0.01,0.04,0.05,0.01,0.05,Matches
273,Victor Lindelöf,se SWE,DF,Manchester Utd,25,1994,35,35,"3,092",1,0,0,0,6,0,0.03,0.00,0.03,0.03,0.03,0.4,0.4,0.3,0.01,0.01,0.02,0.01,0.02,Matches
274,Jesse Lingard,eng ENG,"MF,FW",Manchester Utd,26,1992,22,9,935,1,0,0,0,3,0,0.10,0.00,0.10,0.10,0.10,2.7,2.7,0.9,0.26,0.09,0.35,0.26,0.35,Matches
275,Hugo Lloris,fr FRA,GK,Tottenham,32,1986,21,21,"1,807",0,0,0,0,0,0,0.00,0.00,0.00,0.00,0.00,0.0,0.0,0.0,0.00,0.00,0.00,0.00,0.00,Matches
276,Giovani Lo Celso,ar ARG,"MF,FW",Tottenham,23,1996,28,15,"1,492",0,2,0,0,6,0,0.00,0.12,0.12,0.00,0.12,1.3,1.3,2.0,0.08,0.12,0.20,0.08,0.20,Matches
277,Jürgen Locadia,nl NED,"MF,FW",Brighton,25,1993,2,1,86,0,0,0,0,0,0,0.00,0.00,0.00,0.00,0.00,0.3,0.3,0.0,0.28,0.00,0.28,0.28,0.28,Matches
278,Ruben Loftus-Cheek,eng ENG,"MF,FW",Chelsea,23,1996,7,2,208,0,1,0,0,0,0,0.00,0.43,0.43,0.00,0.43,0.5,0.5,0.2,0.24,0.10,0.34,0.24,0.34,Matches
279,Kevin Long,ie IRL,DF,Burnley,28,1990,8,6,564,0,0,0,0,0,0,0.00,0.00,0.00,0.00,0.00,0.2,0.2,0.0,0.03,0.00,0.03,0.03,0.03,Matches
280,Shane Long,ie IRL,FW,Southampton,32,1987,26,15,"1,395",2,2,0,0,0,0,0.13,0.13,0.26,0.13,0.26,4.7,4.7,1.4,0.31,0.09,0.40,0.31,0.40,Matches
281,Matthew Longstaff,eng ENG,MF,Newcastle Utd,19,2000,9,6,575,2,0,0,0,1,0,0.31,0.00,0.31,0.31,0.31,0.4,0.4,0.2,0.07,0.03,0.10,0.07,0.10,Matches
282,Sean Longstaff,eng ENG,MF,Newcastle Utd,21,1997,23,14,"1,378",1,1,0,0,2,1,0.07,0.07,0.13,0.07,0.13,1.0,1.0,1.0,0.06,0.06,0.13,0.06,0.13,Matches
283,Dejan Lovren,hr CRO,DF,Liverpool,30,1989,10,9,777,0,1,0,0,1,0,0.00,0.12,0.12,0.00,0.12,0.3,0.3,0.3,0.04,0.04,0.07,0.04,0.07,Matches
284,Matthew Lowton,eng ENG,DF,Burnley,30,1989,17,17,"1,530",0,1,0,0,2,0,0.00,0.06,0.06,0.00,0.06,0.0,0.0,1.1,0.00,0.07,0.07,0.00,0.07,Matches
285,David Luiz,br BRA,DF,Arsenal,32,1987,33,32,"2,809",2,1,0,0,5,2,0.06,0.03,0.10,0.06,0.10,1.8,1.8,1.0,0.06,0.03,0.09,0.06,0.09,Matches
286,Douglas Luiz,br BRA,MF,Aston Villa,21,1998,36,28,"2,612",3,2,0,0,8,0,0.10,0.07,0.17,0.10,0.17,2.4,2.4,1.4,0.08,0.05,0.13,0.08,0.13,Matches
287,,,,,,,,,,,,,,,,,,,,,,,,,,,,,
288,John Lundstram,eng ENG,MF,Sheffield Utd,25,1994,34,26,"2,458",5,3,0,0,5,0,0.18,0.11,0.29,0.18,0.29,5.2,5.2,2.4,0.19,0.09,0.28,0.19,0.28,Matches
289,Alexis Mac Allister,ar ARG,"MF,FW",Brighton,20,1998,9,4,352,0,0,0,0,0,0,0.00,0.00,0.00,0.00,0.00,0.4,0.4,0.3,0.09,0.07,0.16,0.09,0.16,Matches
290,James Maddison,eng ENG,MF,Leicester City,22,1996,31,29,"2,624",6,3,0,0,4,0,0.21,0.10,0.31,0.21,0.31,4.9,4.9,7.1,0.17,0.24,0.41,0.17,0.41,Matches
291,Harry Maguire,eng ENG,DF,Manchester Utd,26,1993,38,38,"3,420",1,1,0,0,6,0,0.03,0.03,0.05,0.03,0.05,2.0,2.0,0.5,0.05,0.01,0.07,0.05,0.07,Matches
292,Riyad Mahrez,dz ALG,FW,Manchester City,28,1991,33,21,"1,944",11,9,1,1,0,0,0.51,0.42,0.93,0.46,0.88,7.2,6.5,9.0,0.34,0.42,0.75,0.30,0.72,Matches
293,Ainsley Maitland-Niles,eng ENG,DF,Arsenal,21,1997,20,15,"1,386",0,2,0,0,6,1,0.00,0.13,0.13,0.00,0.13,0.3,0.3,1.5,0.02,0.10,0.12,0.02,0.12,Matches
294,Sadio Mané,sn SEN,FW,Liverpool,27,1992,35,31,"2,747",18,7,0,0,3,0,0.59,0.23,0.82,0.59,0.82,13.5,13.5,7.0,0.44,0.23,0.67,0.44,0.67,Matches
295,Javier Manquillo,es ESP,DF,Newcastle Utd,25,1994,21,18,"1,599",0,1,0,0,5,0,0.00,0.06,0.06,0.00,0.06,0.1,0.1,0.4,0.00,0.02,0.03,0.00,0.03,Matches
296,Solly March,eng ENG,"DF,FW",Brighton,25,1994,19,11,"1,143",0,1,0,0,2,0,0.00,0.08,0.08,0.00,0.08,1.4,1.4,0.7,0.11,0.06,0.17,0.11,0.17,Matches
297,Pablo Marí,es ESP,DF,Arsenal,25,1993,2,2,113,0,0,0,0,0,0,0.00,0.00,0.00,0.00,0.00,0.0,0.0,0.0,0.00,0.00,0.00,0.00,0.00,Matches
298,Adrian Mariappa,jm JAM,DF,Watford,32,1986,20,15,"1,513",0,0,0,0,6,1,0.00,0.00,0.00,0.00,0.00,0.2,0.2,0.4,0.01,0.02,0.04,0.01,0.04,Matches
299,Anthony Martial,fr FRA,FW,Manchester Utd,23,1995,32,31,"2,624",17,6,0,1,1,0,0.58,0.21,0.79,0.58,0.79,11.0,10.2,4.2,0.38,0.14,0.52,0.35,0.49,Matches
300,David Martin,eng ENG,GK,West Ham,33,1986,5,4,436,0,0,0,0,1,0,0.00,0.00,0.00,0.00,0.00,0.0,0.0,0.0,0.00,0.00,0.00,0.00,0.00,Matches
301,Josh Martin,eng ENG,FW,Norwich City,17,2001,5,0,37,0,0,0,0,0,0,0.00,0.00,0.00,0.00,0.00,0.2,0.2,0.0,0.58,0.00,0.58,0.58,0.58,Matches
302,Martinelli,br BRA,FW,Arsenal,18,2001,14,6,663,3,0,0,0,1,0,0.41,0.00,0.41,0.41,0.41,2.2,2.2,0.2,0.30,0.03,0.33,0.30,0.33,Matches
303,Emiliano Martínez,ar ARG,GK,Arsenal,26,1992,9,8,771,0,0,0,0,2,0,0.00,0.00,0.00,0.00,0.00,0.0,0.0,0.0,0.00,0.00,0.00,0.00,0.00,Matches
304,Adam Masina,it ITA,DF,Watford,25,1994,26,20,"1,821",1,0,0,0,3,0,0.05,0.00,0.05,0.05,0.05,0.7,0.7,0.6,0.03,0.03,0.06,0.03,0.06,Matches
305,Arthur Masuaku,cd COD,DF,West Ham,25,1993,17,10,937,0,1,0,0,6,1,0.00,0.10,0.10,0.00,0.10,0.1,0.1,1.0,0.01,0.10,0.10,0.01,0.10,Matches
306,Juan Mata,es ESP,"MF,FW",Manchester Utd,31,1988,19,8,758,0,2,0,0,1,0,0.00,0.24,0.24,0.00,0.24,1.2,1.2,1.9,0.14,0.23,0.37,0.14,0.37,Matches
307,Nemanja Matić,rs SRB,MF,Manchester Utd,30,1988,21,18,"1,581",0,2,0,0,3,0,0.00,0.11,0.11,0.00,0.11,0.2,0.2,1.3,0.01,0.07,0.09,0.01,0.09,Matches
308,Joël Matip,cm CMR,DF,Liverpool,27,1991,9,8,703,1,0,0,0,0,0,0.13,0.00,0.13,0.13,0.13,0.3,0.3,0.0,0.04,0.00,0.04,0.04,0.04,Matches
309,Neal Maupay,fr FRA,FW,Brighton,22,1996,37,30,"2,766",10,3,1,2,3,0,0.33,0.10,0.42,0.29,0.39,11.2,9.7,2.5,0.37,0.08,0.44,0.32,0.40,Matches
310,James McArthur,sco SCO,MF,Crystal Palace,31,1987,37,37,"3,090",0,3,0,0,6,0,0.00,0.09,0.09,0.00,0.09,2.4,2.4,2.6,0.07,0.08,0.15,0.07,0.15,Matches
311,Oliver McBurnie,sco SCO,FW,Sheffield Utd,23,1996,36,24,"2,113",6,0,0,0,4,0,0.26,0.00,0.26,0.26,0.26,7.7,7.7,1.5,0.33,0.06,0.39,0.33,0.39,Matches
312,Alex McCarthy,eng ENG,GK,Southampton,29,1989,28,28,"2,520",0,0,0,0,0,0,0.00,0.00,0.00,0.00,0.00,0.0,0.0,0.0,0.00,0.00,0.00,0.00,0.00,Matches
313,,,,,,,,,,,,,,,,,,,,,,,,,,,,,
314,James McCarthy,ie IRL,MF,Crystal Palace,28,1990,33,16,"1,680",0,0,0,0,9,0,0.00,0.00,0.00,0.00,0.00,0.5,0.5,0.9,0.03,0.05,0.07,0.03,0.07,Matches
315,John McGinn,sco SCO,MF,Aston Villa,24,1994,28,27,"2,312",3,3,0,0,3,0,0.12,0.12,0.23,0.12,0.23,3.9,3.9,2.4,0.15,0.09,0.24,0.15,0.24,Matches
316,David McGoldrick,ie IRL,FW,Sheffield Utd,31,1987,28,22,"1,815",2,2,0,0,2,0,0.10,0.10,0.20,0.10,0.20,7.1,7.1,2.1,0.35,0.10,0.45,0.35,0.45,Matches
317,Michael McGovern,nir NIR,GK,Norwich City,35,1984,2,1,159,0,0,0,0,0,0,0.00,0.00,0.00,0.00,0.00,0.0,0.0,0.0,0.00,0.00,0.00,0.00,0.00,Matches
318,Kenny McLean,sco SCO,MF,Norwich City,27,1992,37,32,"2,968",1,1,0,0,5,0,0.03,0.03,0.06,0.03,0.06,1.4,1.4,2.2,0.04,0.07,0.11,0.04,0.11,Matches
319,Dwight McNeil,eng ENG,MF,Burnley,19,1999,38,38,"3,338",2,6,0,0,5,0,0.05,0.16,0.22,0.05,0.22,2.2,2.2,6.7,0.06,0.18,0.24,0.06,0.24,Matches
320,Scott McTominay,sco SCO,MF,Manchester Utd,22,1996,27,20,"1,772",4,1,0,0,2,0,0.20,0.05,0.25,0.20,0.25,1.5,1.5,0.7,0.07,0.03,0.11,0.07,0.11,Matches
321,Ben Mee,eng ENG,DF,Burnley,29,1989,32,32,"2,880",1,1,0,0,7,0,0.03,0.03,0.06,0.03,0.06,1.7,1.7,0.6,0.05,0.02,0.07,0.05,0.07,Matches
322,Benjamin Mendy,fr FRA,DF,Manchester City,25,1994,19,18,"1,492",0,2,0,0,3,0,0.00,0.12,0.12,0.00,0.12,0.3,0.3,1.4,0.02,0.08,0.10,0.02,0.10,Matches
323,Nampalys Mendy,fr FRA,MF,Leicester City,27,1992,7,4,291,0,0,0,0,0,0,0.00,0.00,0.00,0.00,0.00,0.0,0.0,0.1,0.00,0.03,0.03,0.00,0.03,Matches
324,Chris Mepham,wal WAL,DF,Bournemouth,21,1997,12,10,912,1,0,0,0,1,0,0.10,0.00,0.10,0.10,0.10,0.6,0.6,0.1,0.06,0.01,0.07,0.06,0.07,Matches
325,Max Meyer,de GER,"MF,FW",Crystal Palace,23,1995,17,6,655,0,0,0,0,1,0,0.00,0.00,0.00,0.00,0.00,0.7,0.7,0.7,0.09,0.10,0.19,0.09,0.19,Matches
326,Luka Milivojević,rs SRB,MF,Crystal Palace,28,1991,31,28,"2,513",3,1,2,2,12,0,0.11,0.04,0.14,0.04,0.07,2.5,0.9,1.8,0.09,0.07,0.15,0.03,0.10,Matches
327,James Milner,eng ENG,"MF,DF",Liverpool,33,1986,22,9,937,2,2,2,2,4,0,0.19,0.19,0.38,0.00,0.19,2.1,0.6,0.7,0.20,0.07,0.27,0.05,0.12,Matches
328,Yerry Mina,co COL,DF,Everton,24,1994,29,25,"2,284",2,1,0,0,3,0,0.08,0.04,0.12,0.08,0.12,2.2,2.2,0.2,0.08,0.01,0.09,0.08,0.09,Matches
329,Takumi Minamino,jp JPN,"FW,MF",Liverpool,24,1995,10,2,249,0,0,0,0,0,0,0.00,0.00,0.00,0.00,0.00,1.4,1.4,0.0,0.52,0.01,0.53,0.52,0.53,Matches
330,Tyrone Mings,eng ENG,DF,Aston Villa,26,1993,33,33,"2,902",2,2,0,0,7,0,0.06,0.06,0.12,0.06,0.12,1.1,1.1,0.7,0.03,0.02,0.06,0.03,0.06,Matches
331,Tyrick Mitchell,eng ENG,DF,Crystal Palace,19,1999,4,2,195,0,0,0,0,1,0,0.00,0.00,0.00,0.00,0.00,0.0,0.0,0.2,0.00,0.10,0.10,0.00,0.10,Matches
332,Henrikh Mkhitaryan,am ARM,FW,Arsenal,30,1989,3,1,112,0,0,0,0,1,0,0.00,0.00,0.00,0.00,0.00,0.2,0.2,0.2,0.19,0.18,0.37,0.19,0.37,Matches
333,Nacho Monreal,es ESP,DF,Arsenal,33,1986,3,3,270,0,0,0,0,0,0,0.00,0.00,0.00,0.00,0.00,0.1,0.1,0.2,0.03,0.08,0.11,0.03,0.11,Matches
334,Martín Montoya,es ESP,DF,Brighton,28,1991,27,23,"1,896",0,1,0,0,5,0,0.00,0.05,0.05,0.00,0.05,1.3,1.3,1.4,0.06,0.07,0.13,0.06,0.13,Matches
335,Simon Moore,eng ENG,GK,Sheffield Utd,29,1990,2,2,180,0,0,0,0,0,0,0.00,0.00,0.00,0.00,0.00,0.0,0.0,0.0,0.00,0.00,0.00,0.00,0.00,Matches
336,Aaron Mooy,au AUS,"MF,FW",Brighton,28,1990,31,25,"2,085",2,2,0,0,3,1,0.09,0.09,0.17,0.09,0.17,2.0,2.0,3.3,0.09,0.14,0.23,0.09,0.23,Matches
337,Wesley Moraes,br BRA,FW,Aston Villa,22,1996,21,21,"1,782",5,1,0,1,3,0,0.25,0.05,0.30,0.25,0.30,5.2,4.3,0.8,0.26,0.04,0.30,0.22,0.26,Matches
338,Wes Morgan,jm JAM,DF,Leicester City,35,1984,11,4,436,0,0,0,0,0,0,0.00,0.00,0.00,0.00,0.00,0.1,0.1,0.0,0.03,0.00,0.03,0.03,0.03,Matches
339,,,,,,,,,,,,,,,,,,,,,,,,,,,,,
340,Ravel Morrison,eng ENG,MF,Sheffield Utd,26,1993,1,0,13,0,0,0,0,0,0,0.00,0.00,0.00,0.00,0.00,0.0,0.0,0.0,0.17,0.00,0.17,0.17,0.17,Matches
341,Mason Mount,eng ENG,"MF,FW",Chelsea,20,1999,37,32,"2,867",7,5,0,0,3,0,0.22,0.16,0.38,0.22,0.38,7.0,7.0,4.6,0.22,0.15,0.37,0.22,0.37,Matches
342,Lucas Moura,br BRA,"FW,MF",Tottenham,26,1992,35,25,"2,242",4,4,0,0,3,0,0.16,0.16,0.32,0.16,0.32,5.7,5.7,2.4,0.23,0.10,0.33,0.23,0.33,Matches
343,Lys Mousset,fr FRA,FW,Sheffield Utd,23,1996,30,11,"1,240",6,4,0,0,1,0,0.44,0.29,0.73,0.44,0.73,4.9,4.9,2.5,0.36,0.18,0.53,0.36,0.53,Matches
344,João Moutinho,pt POR,MF,Wolves,32,1986,38,34,"3,108",1,6,0,0,7,0,0.03,0.17,0.20,0.03,0.20,0.8,0.8,6.3,0.02,0.18,0.21,0.02,0.21,Matches
345,Glenn Murray,eng ENG,FW,Brighton,35,1983,23,7,797,1,1,0,0,0,0,0.11,0.11,0.23,0.11,0.23,2.1,2.1,0.5,0.24,0.06,0.30,0.24,0.30,Matches
346,Shkodran Mustafi,de GER,DF,Arsenal,27,1992,15,13,"1,207",0,1,0,0,2,0,0.00,0.07,0.07,0.00,0.07,0.8,0.8,0.0,0.06,0.00,0.06,0.06,0.06,Matches
347,Yoshinori Mutō,jp JPN,"FW,MF",Newcastle Utd,27,1992,8,2,212,0,0,0,0,0,0,0.00,0.00,0.00,0.00,0.00,0.1,0.1,0.1,0.03,0.03,0.05,0.03,0.05,Matches
348,Georges-Kévin N'Koudou,fr FRA,FW,Tottenham,24,1995,1,0,3,0,0,0,0,0,0,0.00,0.00,0.00,0.00,0.00,0.0,0.0,0.0,0.71,0.00,0.71,0.71,0.71,Matches
349,Marvelous Nakamba,zw ZIM,MF,Aston Villa,25,1994,29,19,"1,836",0,0,0,0,5,0,0.00,0.00,0.00,0.00,0.00,0.2,0.2,0.5,0.01,0.02,0.03,0.01,0.03,Matches
350,Wilfred Ndidi,ng NGA,MF,Leicester City,22,1996,32,29,"2,674",2,1,0,0,6,0,0.07,0.03,0.10,0.07,0.10,1.8,1.8,0.4,0.06,0.01,0.07,0.06,0.07,Matches
351,Tanguy Ndombele,fr FRA,MF,Tottenham,22,1996,21,12,"1,009",2,2,0,0,3,0,0.18,0.18,0.36,0.18,0.36,0.4,0.4,1.2,0.04,0.11,0.14,0.04,0.14,Matches
352,Reiss Nelson,eng ENG,FW,Arsenal,19,1999,17,7,631,1,0,0,0,1,0,0.14,0.00,0.14,0.14,0.14,0.9,0.9,0.7,0.12,0.10,0.22,0.12,0.22,Matches
353,Pedro Neto,pt POR,"FW,MF",Wolves,19,2000,29,9,939,3,3,0,0,3,0,0.29,0.29,0.58,0.29,0.58,2.0,2.0,2.3,0.19,0.22,0.41,0.19,0.41,Matches
354,Rúben Neves,pt POR,MF,Wolves,22,1997,38,35,"3,056",2,2,0,0,9,0,0.06,0.06,0.12,0.06,0.12,1.7,1.7,2.0,0.05,0.06,0.11,0.05,0.11,Matches
355,Jeremy Ngakia,eng ENG,DF,West Ham,18,2000,5,5,440,0,0,0,0,0,0,0.00,0.00,0.00,0.00,0.00,0.0,0.0,0.0,0.01,0.00,0.01,0.01,0.01,Matches
356,Oumar Niasse,sn SEN,FW,Everton,29,1990,3,0,22,0,0,0,0,0,0,0.00,0.00,0.00,0.00,0.00,0.0,0.0,0.0,0.00,0.00,0.00,0.00,0.00,Matches
357,Eddie Nketiah,eng ENG,FW,Arsenal,20,1999,13,7,633,2,0,0,0,0,1,0.28,0.00,0.28,0.28,0.28,3.2,3.2,0.7,0.46,0.09,0.56,0.46,0.56,Matches
358,Mark Noble,eng ENG,MF,West Ham,32,1987,33,32,"2,674",4,3,3,3,5,0,0.13,0.10,0.24,0.03,0.13,2.8,0.5,3.0,0.09,0.10,0.19,0.02,0.12,Matches
359,Oliver Norwood,nir NIR,MF,Sheffield Utd,28,1991,38,37,"3,090",1,1,1,1,8,0,0.03,0.03,0.06,0.00,0.03,1.5,0.7,4.2,0.04,0.12,0.17,0.02,0.14,Matches
360,Ørjan Nyland,no NOR,GK,Aston Villa,28,1990,7,5,539,0,0,0,0,0,0,0.00,0.00,0.00,0.00,0.00,0.0,0.0,0.0,0.00,0.00,0.00,0.00,0.00,Matches
361,Jack O'Connell,eng ENG,DF,Sheffield Utd,25,1994,33,32,"2,916",0,1,0,0,4,0,0.00,0.03,0.03,0.00,0.03,1.2,1.2,2.1,0.04,0.06,0.10,0.04,0.10,Matches
362,Michael Obafemi,ie IRL,FW,Southampton,19,2000,21,8,665,3,2,0,0,1,0,0.41,0.27,0.68,0.41,0.68,1.9,1.9,1.2,0.25,0.17,0.42,0.25,0.42,Matches
363,Angelo Ogbonna,it ITA,DF,West Ham,31,1988,31,31,"2,786",2,0,0,0,4,0,0.06,0.00,0.06,0.06,0.06,1.6,1.6,0.1,0.05,0.00,0.05,0.05,0.05,Matches
364,Divock Origi,be BEL,FW,Liverpool,24,1995,28,7,717,4,1,0,0,1,0,0.50,0.13,0.63,0.50,0.63,2.0,2.0,0.2,0.25,0.03,0.28,0.25,0.28,Matches
365,,,,,,,,,,,,,,,,,,,,,,,,,,,,,
366,Ben Osborn,eng ENG,"MF,DF",Sheffield Utd,24,1994,13,6,594,0,0,0,0,0,0,0.00,0.00,0.00,0.00,0.00,0.3,0.3,0.8,0.05,0.13,0.18,0.05,0.18,Matches
367,Nicolás Otamendi,ar ARG,DF,Manchester City,31,1988,24,18,"1,715",2,0,0,0,3,0,0.10,0.00,0.10,0.10,0.10,2.4,2.4,0.2,0.13,0.01,0.13,0.13,0.13,Matches
368,Alex Oxlade-Chamberlain,eng ENG,"MF,FW",Liverpool,25,1993,30,17,"1,485",4,1,0,0,1,0,0.24,0.06,0.30,0.24,0.30,3.0,3.0,1.3,0.18,0.08,0.26,0.18,0.26,Matches
369,Mesut Özil,de GER,MF,Arsenal,30,1988,18,18,"1,438",1,2,0,0,1,0,0.06,0.13,0.19,0.06,0.19,1.3,1.3,2.3,0.08,0.14,0.22,0.08,0.22,Matches
370,Emerson Palmieri,it ITA,DF,Chelsea,24,1994,15,13,"1,024",0,0,0,0,3,0,0.00,0.00,0.00,0.00,0.00,1.0,1.0,1.4,0.09,0.12,0.21,0.09,0.21,Matches
371,Sokratis Papastathopoulos,gr GRE,DF,Arsenal,31,1988,19,19,"1,696",2,0,0,0,6,0,0.11,0.00,0.11,0.11,0.11,1.0,1.0,0.2,0.05,0.01,0.06,0.05,0.06,Matches
372,Troy Parrott,ie IRL,MF,Tottenham,17,2002,2,0,7,0,0,0,0,0,0,0.00,0.00,0.00,0.00,0.00,0.0,0.0,0.0,0.00,0.00,0.00,0.00,0.00,Matches
373,Rui Patrício,pt POR,GK,Wolves,31,1988,38,38,"3,420",0,0,0,0,0,0,0.00,0.00,0.00,0.00,0.00,0.0,0.0,0.0,0.00,0.00,0.00,0.00,0.00,Matches
374,Pedro,es ESP,FW,Chelsea,32,1987,11,8,661,1,1,0,0,1,0,0.14,0.14,0.27,0.14,0.27,2.9,2.9,0.8,0.39,0.11,0.50,0.39,0.50,Matches
375,João Pedro,br BRA,"FW,MF",Watford,17,2001,3,0,25,0,0,0,0,0,0,0.00,0.00,0.00,0.00,0.00,0.1,0.1,0.2,0.19,0.54,0.73,0.19,0.73,Matches
376,Nicolas Pépé,ci CIV,FW,Arsenal,24,1995,31,22,"2,010",5,6,1,1,4,0,0.22,0.27,0.49,0.18,0.45,4.7,3.9,4.4,0.21,0.20,0.40,0.17,0.37,Matches
377,Andreas Pereira,br BRA,"MF,FW",Manchester Utd,23,1996,25,18,"1,484",1,3,0,0,3,0,0.06,0.18,0.24,0.06,0.24,2.4,2.4,4.0,0.15,0.24,0.39,0.15,0.39,Matches
378,Ricardo Pereira,pt POR,DF,Leicester City,25,1993,28,28,"2,520",3,2,0,0,1,0,0.11,0.07,0.18,0.11,0.18,1.2,1.1,3.6,0.04,0.13,0.17,0.04,0.17,Matches
379,Roberto Pereyra,ar ARG,"FW,MF",Watford,28,1991,28,17,"1,648",3,0,1,1,4,0,0.16,0.00,0.16,0.11,0.11,2.6,1.8,1.8,0.14,0.10,0.24,0.10,0.20,Matches
380,Ayoze Pérez,es ESP,"MF,FW",Leicester City,26,1993,33,26,"2,004",8,4,1,1,0,0,0.36,0.18,0.54,0.31,0.49,5.7,4.9,3.8,0.25,0.17,0.42,0.22,0.39,Matches
381,Jordan Pickford,eng ENG,GK,Everton,25,1994,38,38,"3,420",0,0,0,0,2,0,0.00,0.00,0.00,0.00,0.00,0.0,0.0,0.1,0.00,0.00,0.00,0.00,0.00,Matches
382,Brandon Pierrick,eng ENG,MF,Crystal Palace,17,2001,2,0,15,0,0,0,0,0,0,0.00,0.00,0.00,0.00,0.00,,,,,,,,,Matches
383,Erik Pieters,nl NED,"DF,MF",Burnley,30,1988,24,21,"1,878",0,4,0,0,2,0,0.00,0.19,0.19,0.00,0.19,0.6,0.6,2.6,0.03,0.12,0.15,0.03,0.15,Matches
384,Daniel Podence,pt POR,"FW,MF",Wolves,23,1995,9,3,289,1,0,0,0,0,0,0.31,0.00,0.31,0.31,0.31,1.6,1.6,0.4,0.49,0.13,0.62,0.49,0.62,Matches
385,Paul Pogba,fr FRA,MF,Manchester Utd,26,1993,16,13,"1,204",1,3,0,1,1,0,0.07,0.22,0.30,0.07,0.30,1.9,1.2,2.7,0.14,0.20,0.34,0.09,0.29,Matches
386,Nick Pope,eng ENG,GK,Burnley,27,1992,38,38,"3,420",0,0,0,0,1,0,0.00,0.00,0.00,0.00,0.00,0.0,0.0,0.7,0.00,0.02,0.02,0.00,0.02,Matches
387,Dennis Praet,be BEL,MF,Leicester City,25,1994,27,12,"1,134",1,2,0,0,2,0,0.08,0.16,0.24,0.08,0.24,1.3,1.3,0.8,0.11,0.06,0.17,0.11,0.17,Matches
388,Sebastian Prödl,at AUT,DF,Watford,32,1987,1,1,56,0,0,0,0,0,0,0.00,0.00,0.00,0.00,0.00,0.1,0.1,0.0,0.10,0.00,0.10,0.10,0.10,Matches
389,Davy Pröpper,nl NED,MF,Brighton,27,1991,35,32,"2,829",1,2,0,0,4,0,0.03,0.06,0.10,0.03,0.10,1.3,1.3,2.2,0.04,0.07,0.11,0.04,0.11,Matches
390,Teemu Pukki,fi FIN,FW,Norwich City,29,1990,36,33,"2,886",11,3,2,2,3,0,0.34,0.09,0.44,0.28,0.37,12.4,10.8,3.1,0.39,0.10,0.48,0.34,0.43,Matches
391,,,,,,,,,,,,,,,,,,,,,,,,,,,,,
392,Christian Pulisic,us USA,FW,Chelsea,20,1998,25,19,"1,722",9,4,0,0,0,0,0.47,0.21,0.68,0.47,0.68,7.9,7.9,3.4,0.41,0.18,0.59,0.41,0.59,Matches
393,Ignacio Pussetto,ar ARG,"FW,DF",Watford,23,1995,7,0,74,0,0,0,0,1,0,0.00,0.00,0.00,0.00,0.00,0.0,0.0,0.0,0.00,0.00,0.00,0.00,0.00,Matches
394,Domingos Quina,pt POR,MF,Watford,19,1999,4,0,22,0,0,0,0,0,0,0.00,0.00,0.00,0.00,0.00,0.0,0.0,0.0,0.08,0.00,0.08,0.08,0.08,Matches
395,Aaron Ramsdale,eng ENG,GK,Bournemouth,21,1998,37,37,"3,330",0,1,0,0,0,0,0.00,0.03,0.03,0.00,0.03,0.0,0.0,0.1,0.00,0.00,0.00,0.00,0.00,Matches
396,Darren Randolph,ie IRL,GK,West Ham,32,1987,2,2,180,0,0,0,0,0,0,0.00,0.00,0.00,0.00,0.00,0.0,0.0,0.0,0.00,0.00,0.00,0.00,0.00,Matches
397,Marcus Rashford,eng ENG,FW,Manchester Utd,21,1997,31,31,"2,643",17,7,6,8,3,0,0.58,0.24,0.82,0.37,0.61,17.5,11.4,4.6,0.60,0.16,0.75,0.39,0.55,Matches
398,Nathan Redmond,eng ENG,"MF,FW",Southampton,25,1994,32,32,"2,762",4,4,0,0,2,0,0.13,0.13,0.26,0.13,0.26,5.0,5.0,3.1,0.16,0.10,0.26,0.16,0.26,Matches
399,Pepe Reina,es ESP,GK,Aston Villa,36,1982,12,12,"1,080",0,0,0,0,1,0,0.00,0.00,0.00,0.00,0.00,0.0,0.0,0.0,0.00,0.00,0.00,0.00,0.00,Matches
400,Declan Rice,eng ENG,MF,West Ham,20,1999,38,38,"3,420",1,3,0,0,6,0,0.03,0.08,0.11,0.03,0.11,1.1,1.1,1.4,0.03,0.04,0.07,0.03,0.07,Matches
401,Richarlison,br BRA,FW,Everton,22,1997,36,36,"3,070",13,3,0,0,8,0,0.38,0.09,0.47,0.38,0.47,9.0,9.0,4.9,0.26,0.14,0.41,0.26,0.41,Matches
402,Diego Rico,es ESP,DF,Bournemouth,26,1993,27,27,"2,332",0,4,0,0,6,0,0.00,0.15,0.15,0.00,0.15,0.3,0.3,2.8,0.01,0.11,0.12,0.01,0.12,Matches
403,Jaïro Riedewald,nl NED,"DF,MF",Crystal Palace,22,1996,17,7,769,0,0,0,0,0,0,0.00,0.00,0.00,0.00,0.00,0.1,0.1,0.4,0.01,0.05,0.06,0.01,0.06,Matches
404,Matt Ritchie,sco SCO,"DF,MF",Newcastle Utd,29,1989,18,14,"1,315",2,1,0,1,4,0,0.14,0.07,0.21,0.14,0.21,1.5,0.7,2.2,0.10,0.15,0.25,0.05,0.20,Matches
405,Roberto,es ESP,GK,West Ham,33,1986,8,7,687,0,0,0,0,0,0,0.00,0.00,0.00,0.00,0.00,0.0,0.0,0.0,0.00,0.00,0.00,0.00,0.00,Matches
406,Patrick Roberts,eng ENG,"MF,FW",Norwich City,22,1997,3,0,26,0,0,0,0,0,0,0.00,0.00,0.00,0.00,0.00,0.0,0.0,0.0,0.00,0.00,0.00,0.00,0.00,Matches
407,Andrew Robertson,sco SCO,DF,Liverpool,25,1994,36,34,"3,111",2,12,0,0,2,0,0.06,0.35,0.41,0.06,0.41,1.6,1.6,7.3,0.05,0.21,0.26,0.05,0.26,Matches
408,Callum Robinson,ie IRL,FW,Sheffield Utd,24,1995,16,9,676,1,1,0,0,1,0,0.13,0.13,0.27,0.13,0.27,2.1,2.1,0.5,0.28,0.07,0.35,0.28,0.35,Matches
409,Jack Robinson,eng ENG,DF,Sheffield Utd,25,1993,6,6,504,0,0,0,0,0,0,0.00,0.00,0.00,0.00,0.00,0.0,0.0,0.2,0.00,0.04,0.04,0.00,0.04,Matches
410,Rodri,es ESP,MF,Manchester City,23,1996,35,29,"2,486",3,2,0,0,8,0,0.11,0.07,0.18,0.11,0.18,1.0,1.0,1.6,0.04,0.06,0.09,0.04,0.09,Matches
411,Jay Rodriguez,eng ENG,FW,Burnley,30,1989,36,20,"2,016",8,1,1,1,1,0,0.36,0.04,0.40,0.31,0.36,8.0,7.2,1.0,0.36,0.04,0.40,0.32,0.37,Matches
412,Jack Rodwell,eng ENG,MF,Sheffield Utd,28,1991,1,0,16,0,0,0,0,0,0,0.00,0.00,0.00,0.00,0.00,0.0,0.0,0.0,0.00,0.00,0.00,0.00,0.00,Matches
413,Marcos Rojo,ar ARG,DF,Manchester Utd,29,1990,3,1,122,0,0,0,0,1,0,0.00,0.00,0.00,0.00,0.00,0.1,0.1,0.0,0.08,0.00,0.08,0.08,0.08,Matches
414,Oriol Romeu,es ESP,MF,Southampton,27,1991,30,20,"1,860",0,0,0,0,5,0,0.00,0.00,0.00,0.00,0.00,0.3,0.3,1.2,0.01,0.06,0.07,0.01,0.07,Matches
415,Danny Rose,eng ENG,DF,Newcastle Utd,29,1990,11,10,863,0,0,0,0,2,0,0.00,0.00,0.00,0.00,0.00,0.0,0.0,0.2,0.00,0.02,0.02,0.00,0.02,Matches
416,Danny Rose,eng ENG,DF,Tottenham,29,1990,12,10,893,0,0,0,0,5,0,0.00,0.00,0.00,0.00,0.00,0.1,0.1,0.7,0.02,0.07,0.08,0.02,0.08,Matches
417,,,,,,,,,,,,,,,,,,,,,,,,,,,,,
418,Antonio Rüdiger,de GER,DF,Chelsea,26,1993,20,19,"1,710",2,0,0,0,3,0,0.11,0.00,0.11,0.11,0.11,0.5,0.5,0.4,0.03,0.02,0.05,0.03,0.05,Matches
419,Lukas Rupp,de GER,"FW,MF",Norwich City,28,1991,12,8,695,0,0,0,0,1,0,0.00,0.00,0.00,0.00,0.00,0.3,0.3,0.9,0.04,0.12,0.16,0.04,0.16,Matches
420,Mathew Ryan,au AUS,GK,Brighton,27,1992,38,38,"3,420",0,0,0,0,0,0,0.00,0.00,0.00,0.00,0.00,0.0,0.0,0.0,0.00,0.00,0.00,0.00,0.00,Matches
421,Allan Saint-Maximin,fr FRA,"MF,FW",Newcastle Utd,22,1997,26,23,"1,863",3,4,0,0,0,0,0.14,0.19,0.34,0.14,0.34,3.0,3.0,3.6,0.15,0.17,0.32,0.15,0.32,Matches
422,Romain Saïss,ma MAR,DF,Wolves,29,1990,33,31,"2,705",2,1,0,0,12,1,0.07,0.03,0.10,0.07,0.10,2.7,2.7,0.5,0.09,0.02,0.11,0.09,0.11,Matches
423,Bukayo Saka,eng ENG,"DF,FW",Arsenal,17,2001,26,19,"1,753",1,5,0,0,6,0,0.05,0.26,0.31,0.05,0.31,1.3,1.3,3.6,0.07,0.18,0.25,0.07,0.25,Matches
424,Mamadou Sakho,fr FRA,DF,Crystal Palace,29,1990,14,11,931,0,0,0,0,1,1,0.00,0.00,0.00,0.00,0.00,0.0,0.0,0.1,0.00,0.01,0.01,0.00,0.01,Matches
425,Mohamed Salah,eg EGY,FW,Liverpool,27,1992,34,33,"2,876",19,10,3,3,1,0,0.59,0.31,0.91,0.50,0.81,19.2,16.9,7.1,0.60,0.22,0.82,0.53,0.75,Matches
426,Mbwana Samatta,tz TAN,FW,Aston Villa,26,1992,14,11,943,1,0,0,0,1,0,0.10,0.00,0.10,0.10,0.10,1.8,1.8,0.2,0.18,0.02,0.20,0.18,0.20,Matches
427,Carlos Sánchez,co COL,"MF,DF",West Ham,33,1986,6,1,117,0,0,0,0,0,0,0.00,0.00,0.00,0.00,0.00,0.0,0.0,0.0,0.00,0.00,0.00,0.00,0.00,Matches
428,Davinson Sánchez,co COL,DF,Tottenham,23,1996,29,27,"2,431",0,0,0,0,6,0,0.00,0.00,0.00,0.00,0.00,0.6,0.6,0.0,0.02,0.00,0.02,0.02,0.02,Matches
429,Leroy Sané,de GER,FW,Manchester City,23,1996,1,0,12,0,0,0,0,0,0,0.00,0.00,0.00,0.00,0.00,0.1,0.1,0.0,0.83,0.00,0.83,0.83,0.83,Matches
430,Ismaila Sarr,sn SEN,"FW,MF",Watford,21,1998,28,22,"2,028",5,4,0,0,1,0,0.22,0.18,0.40,0.22,0.40,5.7,5.7,3.3,0.25,0.15,0.40,0.25,0.40,Matches
431,Fabian Schär,ch SUI,"DF,MF",Newcastle Utd,27,1991,22,18,"1,672",2,0,0,0,5,0,0.11,0.00,0.11,0.11,0.11,1.1,1.1,0.1,0.06,0.01,0.07,0.06,0.07,Matches
432,Ezequiel Schelotto,it ITA,DF,Brighton,30,1989,8,4,361,0,0,0,0,2,0,0.00,0.00,0.00,0.00,0.00,0.4,0.4,0.0,0.09,0.00,0.09,0.09,0.09,Matches
433,Jeffrey Schlupp,gh GHA,"MF,DF",Crystal Palace,26,1992,17,11,"1,036",3,1,0,0,2,0,0.26,0.09,0.35,0.26,0.35,1.8,1.8,1.1,0.15,0.09,0.25,0.15,0.25,Matches
434,Kasper Schmeichel,dk DEN,GK,Leicester City,32,1986,38,38,"3,420",0,0,0,0,2,0,0.00,0.00,0.00,0.00,0.00,0.0,0.0,0.4,0.00,0.01,0.01,0.00,0.01,Matches
435,Morgan Schneiderlin,fr FRA,MF,Everton,29,1989,15,12,"1,001",0,0,0,0,6,1,0.00,0.00,0.00,0.00,0.00,0.3,0.3,0.2,0.03,0.02,0.04,0.03,0.04,Matches
436,Ryan Sessegnon,eng ENG,DF,Tottenham,19,2000,6,4,342,0,0,0,0,0,0,0.00,0.00,0.00,0.00,0.00,0.1,0.1,0.0,0.03,0.01,0.04,0.03,0.04,Matches
437,Xherdan Shaqiri,ch SUI,FW,Liverpool,27,1991,7,2,185,1,0,0,0,0,0,0.49,0.00,0.49,0.49,0.49,0.5,0.5,0.2,0.23,0.11,0.34,0.23,0.34,Matches
438,Billy Sharp,eng ENG,FW,Sheffield Utd,33,1986,25,10,"1,051",3,2,0,0,1,1,0.26,0.17,0.43,0.26,0.43,2.8,2.8,2.6,0.24,0.22,0.46,0.24,0.46,Matches
439,Luke Shaw,eng ENG,DF,Manchester Utd,24,1995,24,20,"1,733",0,0,0,0,7,0,0.00,0.00,0.00,0.00,0.00,0.5,0.5,1.4,0.03,0.07,0.10,0.03,0.10,Matches
440,Jonjo Shelvey,eng ENG,MF,Newcastle Utd,27,1992,26,25,"2,119",6,2,0,0,3,0,0.25,0.08,0.34,0.25,0.34,2.4,2.4,3.7,0.10,0.16,0.26,0.10,0.26,Matches
441,Djibril Sidibé,fr FRA,DF,Everton,27,1992,25,18,"1,824",0,4,0,0,3,0,0.00,0.20,0.20,0.00,0.20,0.4,0.4,2.1,0.02,0.10,0.12,0.02,0.12,Matches
442,Gylfi Sigurðsson,is ISL,MF,Everton,29,1989,35,28,"2,560",2,3,1,1,3,0,0.07,0.11,0.18,0.04,0.14,4.2,3.4,3.8,0.15,0.13,0.28,0.12,0.26,Matches
443,,,,,,,,,,,,,,,,,,,,,,,,,,,,,
444,Bernardo Silva,pt POR,"FW,MF",Manchester City,24,1994,34,23,"2,030",6,7,0,0,5,0,0.27,0.31,0.58,0.27,0.58,6.7,6.7,5.2,0.30,0.23,0.53,0.30,0.53,Matches
445,David Silva,es ESP,MF,Manchester City,33,1986,27,22,"1,826",6,10,0,0,0,0,0.30,0.49,0.79,0.30,0.79,6.4,6.4,5.2,0.31,0.26,0.57,0.31,0.57,Matches
446,Jack Simpson,eng ENG,DF,Bournemouth,22,1996,4,1,241,0,0,0,0,0,0,0.00,0.00,0.00,0.00,0.00,0.0,0.0,0.0,0.01,0.00,0.01,0.01,0.01,Matches
447,Moussa Sissoko,fr FRA,MF,Tottenham,29,1989,29,28,"2,452",2,1,0,0,8,0,0.07,0.04,0.11,0.07,0.11,2.4,2.4,1.0,0.09,0.04,0.12,0.09,0.12,Matches
448,Oliver Skipp,eng ENG,"MF,DF",Tottenham,18,2000,7,1,77,0,0,0,0,0,0,0.00,0.00,0.00,0.00,0.00,0.0,0.0,0.0,0.00,0.00,0.00,0.00,0.00,Matches
449,William Smallbone,ie IRL,MF,Southampton,19,2000,9,4,393,0,2,0,0,0,0,0.00,0.46,0.46,0.00,0.46,0.3,0.3,0.3,0.07,0.08,0.15,0.07,0.15,Matches
450,Adam Smith,eng ENG,DF,Bournemouth,28,1991,24,24,"2,055",0,1,0,0,7,0,0.00,0.04,0.04,0.00,0.04,0.6,0.6,0.9,0.03,0.04,0.06,0.03,0.06,Matches
451,Emile Smith-Rowe,eng ENG,MF,Arsenal,19,2000,2,1,97,0,0,0,0,0,0,0.00,0.00,0.00,0.00,0.00,0.0,0.0,0.0,0.00,0.00,0.00,0.00,0.00,Matches
452,Robert Snodgrass,sco SCO,"MF,FW",West Ham,31,1987,24,17,"1,509",5,5,0,0,4,0,0.30,0.30,0.60,0.30,0.60,2.7,2.7,2.7,0.16,0.16,0.32,0.16,0.32,Matches
453,Cédric Soares,pt POR,DF,Southampton,27,1991,16,16,"1,306",0,1,0,0,1,0,0.00,0.07,0.07,0.00,0.07,0.6,0.6,1.2,0.04,0.09,0.13,0.04,0.13,Matches
454,Cédric Soares,pt POR,DF,Arsenal,27,1991,5,3,249,1,0,0,0,0,0,0.36,0.00,0.36,0.36,0.36,0.0,0.0,0.0,0.01,0.02,0.02,0.01,0.02,Matches
455,Dominic Solanke,eng ENG,"FW,MF",Bournemouth,21,1997,32,17,"1,651",3,1,0,0,1,0,0.16,0.05,0.22,0.16,0.22,3.6,3.6,0.9,0.20,0.05,0.25,0.20,0.25,Matches
456,Tomáš Souček,cz CZE,MF,West Ham,24,1995,13,12,"1,040",3,0,0,0,0,0,0.26,0.00,0.26,0.26,0.26,2.2,2.2,0.4,0.19,0.03,0.23,0.19,0.23,Matches
457,Çağlar Söyüncü,tr TUR,DF,Leicester City,23,1996,34,34,"3,036",1,1,0,0,4,1,0.03,0.03,0.06,0.03,0.06,2.2,2.2,0.3,0.06,0.01,0.07,0.06,0.07,Matches
458,Dennis Srbeny,de GER,"MF,FW",Norwich City,25,1994,8,0,47,1,0,0,0,0,0,1.91,0.00,1.91,1.91,1.91,0.6,0.6,0.0,1.07,0.00,1.07,1.07,1.07,Matches
459,Jack Stacey,eng ENG,DF,Bournemouth,23,1996,19,17,"1,549",0,2,0,0,2,0,0.00,0.12,0.12,0.00,0.12,0.3,0.3,2.2,0.02,0.13,0.14,0.02,0.14,Matches
460,Junior Stanislas,eng ENG,"MF,DF",Bournemouth,29,1989,15,7,712,3,0,1,1,1,0,0.38,0.00,0.38,0.25,0.25,1.6,0.8,0.8,0.20,0.10,0.30,0.10,0.20,Matches
461,Jed Steer,eng ENG,GK,Aston Villa,26,1992,1,1,7,0,0,0,0,0,0,0.00,0.00,0.00,0.00,0.00,0.0,0.0,0.0,0.00,0.00,0.00,0.00,0.00,Matches
462,Dale Stephens,eng ENG,MF,Brighton,30,1989,33,28,"2,530",0,1,0,0,8,0,0.00,0.04,0.04,0.00,0.04,0.5,0.5,1.1,0.02,0.04,0.06,0.02,0.06,Matches
463,Jack Stephens,eng ENG,DF,Southampton,25,1994,28,27,"2,451",1,3,0,0,4,1,0.04,0.11,0.15,0.04,0.15,0.8,0.8,1.3,0.03,0.05,0.08,0.03,0.08,Matches
464,Raheem Sterling,eng ENG,FW,Manchester City,24,1994,33,30,"2,651",20,1,0,2,5,0,0.68,0.03,0.71,0.68,0.71,17.2,15.3,7.1,0.59,0.24,0.83,0.52,0.76,Matches
465,Enda Stevens,ie IRL,DF,Sheffield Utd,29,1990,38,38,"3,345",2,4,0,0,7,0,0.05,0.11,0.16,0.05,0.16,1.2,1.2,4.5,0.03,0.12,0.15,0.03,0.15,Matches
466,Marco Stiepermann,de GER,MF,Norwich City,28,1991,24,14,"1,180",0,0,0,0,6,0,0.00,0.00,0.00,0.00,0.00,1.6,1.6,0.5,0.12,0.04,0.16,0.12,0.16,Matches
467,John Stones,eng ENG,DF,Manchester City,25,1994,16,12,"1,122",0,0,0,0,0,0,0.00,0.00,0.00,0.00,0.00,0.6,0.6,0.1,0.05,0.01,0.05,0.05,0.05,Matches
468,Isaac Success,ng NGA,"FW,MF",Watford,23,1996,5,0,70,0,0,0,0,1,0,0.00,0.00,0.00,0.00,0.00,0.1,0.1,0.1,0.12,0.13,0.25,0.12,0.25,Matches
469,,,,,,,,,,,,,,,,,,,,,,,,,,,,,
470,Ki Sung-yueng,kr KOR,MF,Newcastle Utd,30,1989,3,1,137,0,0,0,0,0,0,0.00,0.00,0.00,0.00,0.00,0.0,0.0,0.1,0.00,0.05,0.05,0.00,0.05,Matches
471,Andrew Surman,eng ENG,MF,Bournemouth,32,1986,5,2,235,0,0,0,0,1,0,0.00,0.00,0.00,0.00,0.00,0.0,0.0,0.0,0.01,0.01,0.02,0.01,0.02,Matches
472,Sam Surridge,eng ENG,FW,Bournemouth,21,1998,4,0,27,0,0,0,0,0,0,0.00,0.00,0.00,0.00,0.00,0.4,0.4,0.0,1.45,0.00,1.45,1.45,1.45,Matches
473,Japhet Tanganga,eng ENG,DF,Tottenham,20,1999,6,6,525,0,0,0,0,1,0,0.00,0.00,0.00,0.00,0.00,0.1,0.1,0.0,0.01,0.00,0.01,0.01,0.01,Matches
474,Matt Targett,eng ENG,DF,Aston Villa,23,1995,28,27,"2,291",1,2,0,0,4,0,0.04,0.08,0.12,0.04,0.12,0.5,0.5,2.7,0.02,0.11,0.12,0.02,0.12,Matches
475,James Tarkowski,eng ENG,DF,Burnley,26,1992,38,38,"3,420",2,2,0,0,10,0,0.05,0.05,0.11,0.05,0.11,2.3,2.3,2.1,0.06,0.05,0.12,0.06,0.12,Matches
476,Charlie Taylor,eng ENG,DF,Burnley,25,1993,24,22,"1,945",0,1,0,0,3,0,0.00,0.05,0.05,0.00,0.05,0.0,0.0,1.4,0.00,0.06,0.07,0.00,0.07,Matches
477,Neil Taylor,wal WAL,DF,Aston Villa,30,1989,14,11,"1,091",0,0,0,0,2,0,0.00,0.00,0.00,0.00,0.00,0.3,0.3,0.2,0.03,0.02,0.04,0.03,0.04,Matches
478,Nathan Tella,eng ENG,FW,Southampton,20,1999,1,0,3,0,0,0,0,0,0,0.00,0.00,0.00,0.00,0.00,0.1,0.1,0.0,1.62,0.00,1.62,1.62,1.62,Matches
479,Alexander Tettey,no NOR,"MF,DF",Norwich City,33,1986,30,28,"2,338",1,1,0,0,5,0,0.04,0.04,0.08,0.04,0.08,0.8,0.8,0.8,0.03,0.03,0.06,0.03,0.06,Matches
480,Jordan Thomas,eng ENG,FW,Norwich City,,,1,0,1,0,0,0,0,0,0,0.00,0.00,0.00,0.00,0.00,0.0,0.0,0.0,0.00,0.00,0.00,0.00,0.00,Matches
481,Luke Thomas,eng ENG,DF,Leicester City,,,3,3,267,0,1,0,0,0,0,0.00,0.34,0.34,0.00,0.34,0.0,0.0,0.9,0.00,0.29,0.29,0.00,0.29,Matches
482,Max Thompson,eng ENG,FW,Burnley,17,2002,1,0,3,0,0,0,0,0,0,0.00,0.00,0.00,0.00,0.00,0.0,0.0,0.0,0.00,0.00,0.00,0.00,0.00,Matches
483,Youri Tielemans,be BEL,MF,Leicester City,22,1997,37,32,"2,828",3,6,0,0,2,0,0.10,0.19,0.29,0.10,0.29,3.2,3.2,5.6,0.10,0.18,0.28,0.10,0.28,Matches
484,Kieran Tierney,sco SCO,DF,Arsenal,22,1997,15,12,989,1,1,0,0,2,0,0.09,0.09,0.18,0.09,0.18,0.2,0.2,1.2,0.02,0.11,0.13,0.02,0.13,Matches
485,James Tomkins,eng ENG,DF,Crystal Palace,30,1989,18,18,"1,582",1,1,0,0,5,0,0.06,0.06,0.11,0.06,0.11,1.3,1.3,0.1,0.07,0.01,0.08,0.07,0.08,Matches
486,Fikayo Tomori,eng ENG,DF,Chelsea,21,1997,15,15,"1,291",1,0,0,0,3,0,0.07,0.00,0.07,0.07,0.07,0.6,0.6,0.2,0.04,0.01,0.06,0.04,0.06,Matches
487,Lucas Torreira,uy URU,MF,Arsenal,23,1996,29,17,"1,512",1,1,0,0,7,0,0.06,0.06,0.12,0.06,0.12,1.6,1.6,1.1,0.09,0.06,0.16,0.09,0.16,Matches
488,Cenk Tosun,tr TUR,FW,Crystal Palace,28,1991,5,2,177,1,0,0,0,0,0,0.51,0.00,0.51,0.51,0.51,0.6,0.6,0.0,0.32,0.00,0.32,0.32,0.32,Matches
489,Cenk Tosun,tr TUR,FW,Everton,28,1991,5,2,291,1,0,0,0,0,0,0.31,0.00,0.31,0.31,0.31,0.7,0.7,0.1,0.21,0.04,0.25,0.21,0.25,Matches
490,Andros Townsend,eng ENG,MF,Crystal Palace,28,1991,24,14,"1,294",1,1,0,0,0,0,0.07,0.07,0.14,0.07,0.14,0.4,0.4,2.0,0.03,0.14,0.16,0.03,0.16,Matches
491,Adama Traoré,es ESP,"FW,MF",Wolves,23,1996,37,27,"2,605",4,9,0,0,1,0,0.14,0.31,0.45,0.14,0.45,3.5,3.5,6.5,0.12,0.23,0.35,0.12,0.35,Matches
492,Mark Travers,ie IRL,GK,Bournemouth,20,1999,1,1,90,0,0,0,0,0,0,0.00,0.00,0.00,0.00,0.00,0.0,0.0,0.0,0.00,0.00,0.00,0.00,0.00,Matches
493,Trézéguet,eg EGY,"FW,MF",Aston Villa,24,1994,34,20,"1,950",6,1,0,0,4,1,0.28,0.05,0.32,0.28,0.32,3.7,3.7,0.8,0.17,0.04,0.21,0.17,0.21,Matches
494,Leandro Trossard,be BEL,"FW,MF",Brighton,24,1994,31,22,"2,011",5,3,0,0,0,0,0.22,0.13,0.36,0.22,0.36,4.7,4.7,3.7,0.21,0.17,0.37,0.21,0.37,Matches
495,,,,,,,,,,,,,,,,,,,,,,,,,,,,,
496,Tom Trybull,de GER,MF,Norwich City,26,1993,16,14,"1,130",0,0,0,0,2,0,0.00,0.00,0.00,0.00,0.00,0.4,0.4,0.1,0.03,0.00,0.04,0.03,0.04,Matches
497,Axel Tuanzebe,eng ENG,DF,Manchester Utd,21,1997,5,2,189,0,0,0,0,0,0,0.00,0.00,0.00,0.00,0.00,0.0,0.0,0.0,0.00,0.00,0.00,0.00,0.00,Matches
498,Yan Valery,fr FRA,DF,Southampton,20,1999,11,10,779,0,0,0,0,1,0,0.00,0.00,0.00,0.00,0.00,0.3,0.3,0.8,0.04,0.10,0.13,0.04,0.13,Matches
499,Jesús Vallejo,es ESP,DF,Wolves,22,1997,2,1,163,0,0,0,0,1,0,0.00,0.00,0.00,0.00,0.00,0.0,0.0,0.0,0.00,0.00,0.00,0.00,0.00,Matches
500,Jamie Vardy,eng ENG,FW,Leicester City,32,1987,35,34,"3,033",23,5,4,5,2,0,0.68,0.15,0.83,0.56,0.71,19.8,16.0,5.4,0.59,0.16,0.75,0.47,0.63,Matches
501,Indiana Vassilev,us USA,"FW,MF",Aston Villa,18,2001,4,0,51,0,0,0,0,0,0,0.00,0.00,0.00,0.00,0.00,0.0,0.0,0.0,0.05,0.00,0.05,0.05,0.05,Matches
502,Jan Vertonghen,be BEL,DF,Tottenham,32,1987,23,19,"1,645",1,1,0,0,2,0,0.05,0.05,0.11,0.05,0.11,0.3,0.3,0.9,0.02,0.05,0.06,0.02,0.06,Matches
503,Jannik Vestergaard,dk DEN,DF,Southampton,26,1992,19,17,"1,497",1,0,0,0,3,0,0.06,0.00,0.06,0.06,0.06,0.9,0.9,0.1,0.05,0.01,0.06,0.05,0.06,Matches
504,Rúben Vinagre,pt POR,DF,Wolves,20,1999,16,6,652,0,0,0,0,1,0,0.00,0.00,0.00,0.00,0.00,0.4,0.4,0.5,0.06,0.07,0.13,0.06,0.13,Matches
505,Jake Vokins,eng ENG,DF,Southampton,19,2000,1,1,90,0,0,0,0,0,0,0.00,0.00,0.00,0.00,0.00,0.0,0.0,0.1,0.02,0.07,0.09,0.02,0.09,Matches
506,Mario Vrančić,ba BIH,MF,Norwich City,30,1989,20,6,636,1,0,0,0,3,0,0.14,0.00,0.14,0.14,0.14,1.6,1.6,1.1,0.23,0.16,0.39,0.23,0.39,Matches
507,Matěj Vydra,cz CZE,FW,Burnley,27,1992,19,7,819,2,1,0,0,0,0,0.22,0.11,0.33,0.22,0.33,3.6,3.6,1.0,0.40,0.11,0.51,0.40,0.51,Matches
508,Theo Walcott,eng ENG,"MF,FW",Everton,30,1989,25,17,"1,287",2,3,0,0,1,0,0.14,0.21,0.35,0.14,0.35,2.7,2.7,2.8,0.19,0.20,0.39,0.19,0.39,Matches
509,Kyle Walker,eng ENG,DF,Manchester City,29,1990,29,28,"2,392",1,4,0,0,5,0,0.04,0.15,0.19,0.04,0.19,0.9,0.9,2.2,0.03,0.08,0.12,0.03,0.12,Matches
510,Kyle Walker-Peters,eng ENG,DF,Tottenham,22,1997,3,3,241,0,0,0,0,0,0,0.00,0.00,0.00,0.00,0.00,0.0,0.0,0.1,0.01,0.03,0.04,0.01,0.04,Matches
511,Kyle Walker-Peters,eng ENG,DF,Southampton,22,1997,10,7,703,0,0,0,0,1,0,0.00,0.00,0.00,0.00,0.00,0.1,0.1,0.5,0.01,0.07,0.08,0.01,0.08,Matches
512,Aaron Wan-Bissaka,eng ENG,DF,Manchester Utd,21,1997,35,34,"3,070",0,4,0,0,8,0,0.00,0.12,0.12,0.00,0.12,0.9,0.9,3.0,0.03,0.09,0.12,0.03,0.12,Matches
513,Victor Wanyama,ke KEN,MF,Tottenham,28,1991,2,0,25,0,0,0,0,1,0,0.00,0.00,0.00,0.00,0.00,0.0,0.0,0.0,0.00,0.00,0.00,0.00,0.00,Matches
514,Joel Ward,eng ENG,DF,Crystal Palace,29,1989,29,27,"2,382",0,0,0,0,4,0,0.00,0.00,0.00,0.00,0.00,0.3,0.3,0.2,0.01,0.01,0.02,0.01,0.02,Matches
515,James Ward-Prowse,eng ENG,"MF,DF",Southampton,24,1994,38,38,"3,420",5,3,1,3,9,0,0.13,0.08,0.21,0.11,0.18,7.0,4.6,5.2,0.18,0.14,0.32,0.12,0.26,Matches
516,Kelland Watts,eng ENG,DF,Newcastle Utd,19,1999,1,0,17,0,0,0,0,0,0,0.00,0.00,0.00,0.00,0.00,0.0,0.0,0.0,0.00,0.00,0.00,0.00,0.00,Matches
517,Adam Webster,eng ENG,DF,Brighton,24,1995,31,31,"2,668",3,1,0,0,4,0,0.10,0.03,0.13,0.10,0.13,1.1,1.1,1.0,0.04,0.03,0.07,0.04,0.07,Matches
518,Danny Welbeck,eng ENG,"FW,MF",Watford,28,1990,18,8,822,2,0,0,0,0,0,0.22,0.00,0.22,0.22,0.22,3.6,3.6,0.2,0.39,0.02,0.42,0.39,0.42,Matches
519,Ashley Westwood,eng ENG,MF,Burnley,29,1990,35,35,"3,150",2,6,0,0,9,0,0.06,0.17,0.23,0.06,0.23,1.2,1.2,5.1,0.03,0.14,0.18,0.03,0.18,Matches
520,Connor Wickham,eng ENG,"FW,MF",Crystal Palace,26,1993,6,0,96,1,1,0,0,0,0,0.94,0.94,1.87,0.94,1.87,1.3,1.3,0.5,1.26,0.47,1.73,1.26,1.73,Matches
521,,,,,,,,,,,,,,,,,,,,,,,,,,,,,
522,Georginio Wijnaldum,nl NED,MF,Liverpool,28,1990,37,35,"2,935",4,0,0,0,0,0,0.12,0.00,0.12,0.12,0.12,3.0,3.0,1.3,0.09,0.04,0.13,0.09,0.13,Matches
523,Jetro Willems,nl NED,DF,Newcastle Utd,25,1994,19,18,"1,493",2,2,0,0,0,0,0.12,0.12,0.24,0.12,0.24,0.6,0.6,1.2,0.03,0.07,0.11,0.03,0.11,Matches
524,Brandon Williams,eng ENG,DF,Manchester Utd,18,2000,17,11,"1,006",1,0,0,0,6,0,0.09,0.00,0.09,0.09,0.09,0.7,0.7,0.6,0.06,0.05,0.11,0.06,0.11,Matches
525,Neco Williams,wal WAL,DF,Liverpool,18,2001,6,3,230,0,0,0,0,1,0,0.00,0.00,0.00,0.00,0.00,0.3,0.3,0.1,0.10,0.04,0.14,0.10,0.14,Matches
526,Willian,br BRA,FW,Chelsea,30,1988,36,29,"2,600",9,7,4,4,4,0,0.31,0.24,0.55,0.17,0.42,7.2,4.1,6.9,0.25,0.24,0.49,0.14,0.38,Matches
527,Joe Willock,eng ENG,"MF,FW",Arsenal,19,1999,29,8,857,1,1,0,0,2,0,0.11,0.11,0.21,0.11,0.21,2.5,2.5,0.8,0.26,0.09,0.34,0.26,0.34,Matches
528,Jack Wilshere,eng ENG,MF,West Ham,27,1992,8,2,215,0,0,0,0,0,0,0.00,0.00,0.00,0.00,0.00,0.0,0.0,0.0,0.00,0.00,0.00,0.00,0.00,Matches
529,Callum Wilson,eng ENG,FW,Bournemouth,27,1992,35,32,"2,908",8,1,0,0,10,0,0.25,0.03,0.28,0.25,0.28,10.0,10.0,3.2,0.31,0.10,0.41,0.31,0.41,Matches
530,Harry Wilson,wal WAL,"MF,FW",Bournemouth,22,1997,31,20,"1,646",7,0,0,0,2,0,0.38,0.00,0.38,0.38,0.38,4.4,4.4,1.6,0.24,0.09,0.33,0.24,0.33,Matches
531,Harry Winks,eng ENG,MF,Tottenham,23,1996,31,26,"2,221",0,0,0,0,9,0,0.00,0.00,0.00,0.00,0.00,0.5,0.5,1.1,0.02,0.05,0.06,0.02,0.06,Matches
532,Chris Wood,nz NZL,FW,Burnley,27,1991,32,29,"2,437",14,1,1,1,1,0,0.52,0.04,0.55,0.48,0.52,12.9,12.1,0.9,0.48,0.03,0.51,0.45,0.48,Matches
533,Granit Xhaka,ch SUI,MF,Arsenal,26,1992,31,30,"2,586",1,2,0,0,10,0,0.03,0.07,0.10,0.03,0.10,0.4,0.4,1.0,0.01,0.03,0.05,0.01,0.05,Matches
534,Andriy Yarmolenko,ua UKR,"MF,FW",West Ham,29,1989,23,10,991,5,1,0,0,2,0,0.45,0.09,0.54,0.45,0.54,2.0,2.0,2.6,0.18,0.24,0.42,0.18,0.42,Matches
535,DeAndre Yedlin,us USA,DF,Newcastle Utd,26,1993,16,10,938,1,0,0,0,3,0,0.10,0.00,0.10,0.10,0.10,0.6,0.6,0.3,0.06,0.03,0.09,0.06,0.09,Matches
536,Maya Yoshida,jp JPN,DF,Southampton,30,1988,8,6,560,0,0,0,0,1,0,0.00,0.00,0.00,0.00,0.00,0.5,0.5,0.0,0.08,0.00,0.08,0.08,0.08,Matches
537,Ashley Young,eng ENG,DF,Manchester Utd,34,1985,12,10,955,0,0,0,0,5,0,0.00,0.00,0.00,0.00,0.00,0.1,0.1,1.2,0.01,0.12,0.13,0.01,0.13,Matches
538,Pablo Zabaleta,ar ARG,DF,West Ham,34,1985,10,6,592,0,0,0,0,2,0,0.00,0.00,0.00,0.00,0.00,0.0,0.0,0.4,0.01,0.06,0.06,0.01,0.06,Matches
539,Wilfried Zaha,ci CIV,"MF,FW",Crystal Palace,26,1992,38,37,"3,280",4,3,0,0,5,0,0.11,0.08,0.19,0.11,0.19,5.3,5.3,3.3,0.15,0.09,0.24,0.15,0.24,Matches
540,Christoph Zimmermann,de GER,DF,Norwich City,26,1993,17,16,"1,430",0,1,0,0,3,0,0.00,0.06,0.06,0.00,0.06,0.3,0.3,0.1,0.02,0.01,0.03,0.02,0.03,Matches
541,Oleksandr Zinchenko,ua UKR,DF,Manchester City,22,1996,19,13,"1,276",0,0,0,0,2,1,0.00,0.00,0.00,0.00,0.00,0.4,0.4,1.7,0.03,0.12,0.15,0.03,0.15,Matches
542,Richairo Živković,nl NED,FW,Sheffield Utd,22,1996,5,0,112,0,0,0,0,0,0,0.00,0.00,0.00,0.00,0.00,0.0,0.0,0.2,0.04,0.12,0.16,0.04,0.16,Matches
543,Kurt Zouma,fr FRA,DF,Chelsea,24,1994,28,25,"2,344",0,0,0,0,6,0,0.00,0.00,0.00,0.00,0.00,0.7,0.7,0.2,0.03,0.01,0.04,0.03,0.04,Matches
