,player_name,team_name,ids,minutes,goals_scored,assists,clean_sheets,goals_conceded,own_goals,penalties_saved,penalties_missed,yellow_cards,red_cards,saves,bonus,bps,influence,creativity,threat,ict_index,total_points,in_dreamteam
0,Leno,Arsenal,14,90,0,0,0,1,0,0,0,0,0,2,0,14,16.6,0.0,0.0,1.7,2,False
1,Nyland,Aston Villa,27,0,0,0,0,0,0,0,0,0,0,0,0,0,0.0,0.0,0.0,0.0,0,False
2,Ryan,Brighton,47,90,0,0,0,1,0,0,0,0,0,2,0,14,17.4,0.0,0.0,1.7,2,False
3,Button,Brighton,48,0,0,0,0,0,0,0,0,0,0,0,0,0,0.0,0.0,0.0,0.0,0,False
4,Begovic,Bournemouth,72,0,0,0,0,0,0,0,0,0,0,0,0,0,0.0,0.0,0.0,0.0,0,False
5,Boruc,Bournemouth,73,0,0,0,0,0,0,0,0,0,0,0,0,0,0.0,0.0,0.0,0.0,0,False
6,Travers,Bournemouth,74,0,0,0,0,0,0,0,0,0,0,0,0,0,0.0,0.0,0.0,0.0,0,False
7,Pope,Burnley,93,90,0,0,0,1,0,1,0,0,0,7,3,40,74.2,0.0,0.0,7.4,12,False
8,Heaton,Aston Villa,94,0,0,0,0,0,0,0,0,0,0,0,0,0,0.0,0.0,0.0,0.0,0,False
9,Hart,Burnley,95,0,0,0,0,0,0,0,0,0,0,0,0,0,0.0,0.0,0.0,0.0,0,False
10,Kepa,Chelsea,111,90,0,0,0,1,0,0,0,0,0,1,0,8,6.0,0.0,0.0,0.6,2,False
11,Caballero,Chelsea,112,0,0,0,0,0,0,0,0,0,0,0,0,0,0.0,0.0,0.0,0.0,0,False
12,Guaita,Crystal Palace,131,90,0,0,0,2,0,0,0,0,0,4,0,17,35.2,0.0,0.0,3.5,2,False
13,Hennessey,Crystal Palace,132,0,0,0,0,0,0,0,0,0,0,0,0,0,0.0,0.0,0.0,0.0,0,False
14,Pickford,Everton,148,90,0,0,0,1,0,0,0,0,0,4,0,16,28.4,0.0,0.0,2.8,3,False
15,Stekelenburg,Everton,149,0,0,0,0,0,0,0,0,0,0,0,0,0,0.0,0.0,0.0,0.0,0,False
16,Schmeichel,Leicester,168,90,0,0,0,2,0,0,0,0,0,3,0,14,24.0,0.0,0.0,2.4,2,False
17,Jakupovic,Leicester,169,0,0,0,0,0,0,0,0,0,0,0,0,0,0.0,0.0,0.0,0.0,0,False
18,Ward,Leicester,170,0,0,0,0,0,0,0,0,0,0,0,0,0,0.0,0.0,0.0,0.0,0,False
19,Alisson,Liverpool,189,90,0,1,1,0,0,0,0,0,0,4,3,44,43.2,10.0,0.0,5.3,13,False
20,Mignolet,Liverpool,190,0,0,0,0,0,0,0,0,0,0,0,0,0,0.0,0.0,0.0,0.0,0,False
21,Ederson,Man City,212,90,0,0,0,2,0,0,0,0,0,2,0,12,18.2,0.0,0.0,1.8,1,False
22,Bravo,Man City,213,0,0,0,0,0,0,0,0,0,0,0,0,0,0.0,0.0,0.0,0.0,0,False
23,de Gea,Man Utd,235,90,0,0,0,2,0,0,0,1,0,3,0,11,16.8,0.0,0.0,1.7,1,False
24,Romero,Man Utd,236,0,0,0,0,0,0,0,0,0,0,0,0,0,0.0,0.0,0.0,0.0,0,False
25,Grant,Man Utd,237,0,0,0,0,0,0,0,0,0,0,0,0,0,0.0,0.0,0.0,0.0,0,False
26,Dubravka,Newcastle,262,90,0,0,1,0,0,0,0,0,0,3,1,28,21.0,0.0,0.0,2.1,8,False
27,Darlow,Newcastle,263,0,0,0,0,0,0,0,0,0,0,0,0,0,0.0,0.0,0.0,0.0,0,False
28,Woodman,Newcastle,264,0,0,0,0,0,0,0,0,0,0,0,0,0,0.0,0.0,0.0,0.0,0,False
29,Krul,Norwich,280,90,0,0,1,0,0,0,0,1,0,3,1,24,27.0,0.0,0.0,2.7,7,False
30,McGovern,Norwich,281,0,0,0,0,0,0,0,0,0,0,0,0,0,0.0,0.0,0.0,0.0,0,False
31,Eastwood,Sheffield Utd,299,0,0,0,0,0,0,0,0,0,0,0,0,0,0.0,0.0,0.0,0.0,0,False
32,Forster,Southampton,317,0,0,0,0,0,0,0,0,0,0,0,0,0,0.0,0.0,0.0,0.0,0,False
33,McCarthy,Southampton,318,90,0,0,0,3,0,0,0,0,0,1,0,9,11.0,0.0,0.0,1.1,1,False
34,Gunn,Southampton,319,0,0,0,0,0,0,0,0,0,0,0,0,0,0.0,0.0,0.0,0.0,0,False
35,Lloris,Spurs,340,0,0,0,0,0,0,0,0,0,0,0,0,0,0.0,0.0,0.0,0.0,0,False
36,Gazzaniga,Spurs,341,90,0,0,1,0,0,1,0,0,0,2,3,37,39.4,0.0,0.0,3.9,14,True
37,Foster,Watford,366,90,0,0,1,0,0,0,0,0,0,4,2,30,30.8,0.0,0.0,3.1,9,False
38,Dahlberg,Watford,367,0,0,0,0,0,0,0,0,0,0,0,0,0,0.0,0.0,0.0,0.0,0,False
39,Fabianski,West Ham,388,0,0,0,0,0,0,0,0,0,0,0,0,0,0.0,0.0,0.0,0.0,0,False
40,Patrício,Wolves,411,90,0,0,0,2,0,0,0,0,0,3,0,15,23.2,0.0,0.0,2.3,2,False
41,Ruddy,Wolves,412,0,0,0,0,0,0,0,0,0,0,0,0,0,0.0,0.0,0.0,0.0,0,False
42,Norris,Wolves,413,0,0,0,0,0,0,0,0,0,0,0,0,0,0.0,0.0,0.0,0.0,0,False
43,Martínez,Arsenal,427,0,0,0,0,0,0,0,0,0,0,0,0,0,0.0,0.0,0.0,0.0,0,False
44,Steer,Aston Villa,429,0,0,0,0,0,0,0,0,0,0,0,0,0,0.0,0.0,0.0,0.0,0,False
45,Moore,Sheffield Utd,436,0,0,0,0,0,0,0,0,0,0,0,0,0,0.0,0.0,0.0,0.0,0,False
46,Fahrmann,Norwich,449,0,0,0,0,0,0,0,0,0,0,0,0,0,0.0,0.0,0.0,0.0,0,False
47,Roberto,West Ham,450,0,0,0,0,0,0,0,0,0,0,0,0,0,0.0,0.0,0.0,0.0,0,False
48,Henderson,Sheffield Utd,471,90,0,0,0,1,0,0,0,0,0,3,0,14,22.4,0.0,0.0,2.2,3,False
49,Kalinic,Aston Villa,474,0,0,0,0,0,0,0,0,0,0,0,0,0,0.0,0.0,0.0,0.0,0,False
50,Lössl,Everton,479,0,0,0,0,0,0,0,0,0,0,0,0,0,0.0,0.0,0.0,0.0,0,False
51,Ramsdale,Bournemouth,494,90,0,0,0,1,0,0,0,0,0,3,0,15,28.0,0.0,0.0,2.8,3,False
52,Peacock-Farrell,Burnley,495,0,0,0,0,0,0,0,0,0,0,0,0,0,0.0,0.0,0.0,0.0,0,False
53,Gomes,Watford,513,0,0,0,0,0,0,0,0,0,0,0,0,0,0.0,0.0,0.0,0.0,0,False
54,Verrips,Sheffield Utd,521,0,0,0,0,0,0,0,0,0,0,0,0,0,0.0,0.0,0.0,0.0,0,False
55,Adrián,Liverpool,526,0,0,0,0,0,0,0,0,0,0,0,0,0,0.0,0.0,0.0,0.0,0,False
56,Lonergan,Liverpool,530,0,0,0,0,0,0,0,0,0,0,0,0,0,0.0,0.0,0.0,0.0,0,False
57,Kelleher,Liverpool,531,0,0,0,0,0,0,0,0,0,0,0,0,0,0.0,0.0,0.0,0.0,0,False
58,Whiteman,Spurs,543,0,0,0,0,0,0,0,0,0,0,0,0,0,0.0,0.0,0.0,0.0,0,False
59,Lewis,West Ham,548,0,0,0,0,0,0,0,0,0,0,0,0,0,0.0,0.0,0.0,0.0,0,False
60,Mair,Norwich,551,0,0,0,0,0,0,0,0,0,0,0,0,0,0.0,0.0,0.0,0.0,0,False
61,Martin,West Ham,553,0,0,0,0,0,0,0,0,0,0,0,0,0,0.0,0.0,0.0,0.0,0,False
62,Vorm,Spurs,555,0,0,0,0,0,0,0,0,0,0,0,0,0,0.0,0.0,0.0,0.0,0,False
63,Henderson,Sheffield Utd,556,0,0,0,0,0,0,0,0,0,0,0,0,0,0.0,0.0,0.0,0.0,0,False
64,Austin,Spurs,558,0,0,0,0,0,0,0,0,0,0,0,0,0,0.0,0.0,0.0,0.0,0,False
65,Carson,Man City,562,0,0,0,0,0,0,0,0,0,0,0,0,0,0.0,0.0,0.0,0.0,0,False
66,Elliot,Newcastle,573,0,0,0,0,0,0,0,0,0,0,0,0,0,0.0,0.0,0.0,0.0,0,False
67,Anang,West Ham,582,0,0,0,0,0,0,0,0,0,0,0,0,0,0.0,0.0,0.0,0.0,0,False
68,Reina,Aston Villa,603,90,0,0,0,1,0,0,0,0,0,1,0,11,13.8,0.0,0.0,1.4,2,False
69,Randolph,West Ham,606,90,0,0,0,1,0,0,0,0,0,2,0,12,19.2,0.0,0.0,1.9,2,False
70,Mustafi,Arsenal,1,90,0,0,0,1,0,0,0,0,0,0,0,14,24.6,1.2,19.0,4.5,2,False
71,Bellerín,Arsenal,2,0,0,0,0,0,0,0,0,0,0,0,0,0,0.0,0.0,0.0,0.0,0,False
72,Kolasinac,Arsenal,3,0,0,0,0,0,0,0,0,0,0,0,0,0,0.0,0.0,0.0,0.0,0,False
73,Maitland-Niles,Arsenal,4,90,0,0,0,1,0,0,0,0,0,0,0,10,18.8,3.8,0.0,2.3,2,False
74,Sokratis,Arsenal,5,0,0,0,0,0,0,0,0,0,0,0,0,0,0.0,0.0,0.0,0.0,0,False
75,Monreal,Arsenal,6,0,0,0,0,0,0,0,0,0,0,0,0,0,0.0,0.0,0.0,0.0,0,False
76,Koscielny,Arsenal,7,0,0,0,0,0,0,0,0,0,0,0,0,0,0.0,0.0,0.0,0.0,0,False
77,Mavropanos,Arsenal,8,0,0,0,0,0,0,0,0,0,0,0,0,0,0.0,0.0,0.0,0.0,0,False
78,Jenkinson,Arsenal,9,0,0,0,0,0,0,0,0,0,0,0,0,0,0.0,0.0,0.0,0.0,0,False
79,Holding,Arsenal,10,0,0,0,0,0,0,0,0,0,0,0,0,0,0.0,0.0,0.0,0.0,0,False
80,El Mohamady,Aston Villa,22,0,0,0,0,0,0,0,0,0,0,0,0,0,0.0,0.0,0.0,0.0,0,False
81,Chester,Aston Villa,23,0,0,0,0,0,0,0,0,0,0,0,0,0,0.0,0.0,0.0,0.0,0,False
82,Taylor,Burnley,24,0,0,0,0,0,0,0,0,0,0,0,0,0,0.0,0.0,0.0,0.0,0,False
83,Hause,Aston Villa,25,90,0,0,0,1,0,0,0,0,0,0,0,16,22.0,0.9,0.0,2.3,2,False
84,Duffy,Sheffield Utd,37,0,0,0,0,0,0,0,0,0,0,0,0,0,0.0,0.0,0.0,0.0,0,False
85,Montoya,Brighton,38,22,0,0,0,1,0,0,0,0,0,0,0,3,2.6,0.3,2.0,0.5,1,False
86,Bernardo,Brighton,39,90,0,0,0,1,0,0,0,0,0,0,1,19,28.0,16.7,4.0,4.9,3,False
87,Balogun,Brighton,40,0,0,0,0,0,0,0,0,0,0,0,0,0,0.0,0.0,0.0,0.0,0,False
88,Bong,Brighton,41,0,0,0,0,0,0,0,0,0,0,0,0,0,0.0,0.0,0.0,0.0,0,False
89,Dunk,Brighton,42,90,0,0,0,1,0,0,0,1,0,0,0,12,13.0,10.7,22.0,4.6,1,False
90,Clarke,Sheffield Utd,43,0,0,0,0,0,0,0,0,0,0,0,0,0,0.0,0.0,0.0,0.0,0,False
91,Steve Cook,Bournemouth,58,30,0,0,0,1,0,0,0,0,1,0,0,-8,0.0,0.0,0.0,0.0,-2,False
92,Aké,Bournemouth,59,90,0,0,0,1,0,0,0,0,0,0,0,16,21.8,0.5,51.0,7.3,2,False
93,Daniels,Bournemouth,60,0,0,0,0,0,0,0,0,0,0,0,0,0,0.0,0.0,0.0,0.0,0,False
94,Mepham,Bournemouth,61,0,0,0,0,0,0,0,0,0,0,0,0,0,0.0,0.0,0.0,0.0,0,False
95,Francis,Bournemouth,62,56,0,0,0,0,0,0,0,0,0,0,0,14,18.8,10.7,6.0,3.6,1,False
96,Adam Smith,Bournemouth,63,90,0,0,0,1,0,0,0,1,0,0,0,13,21.6,5.6,4.0,3.1,1,False
97,Kelly,Crystal Palace,64,0,0,0,0,0,0,0,0,0,0,0,0,0,0.0,0.0,0.0,0.0,0,False
98,Rico,Bournemouth,65,90,0,0,0,1,0,0,0,0,0,0,0,12,24.8,19.0,2.0,4.6,2,False
99,Simpson,Bournemouth,66,0,0,0,0,0,0,0,0,0,0,0,0,0,0.0,0.0,0.0,0.0,0,False
100,Mee,Burnley,83,90,0,1,0,1,0,0,0,1,0,0,0,14,12.2,0.8,39.0,5.2,4,False
101,Tarkowski,Burnley,84,90,0,0,0,1,0,0,0,0,0,0,0,13,26.6,0.4,2.0,2.9,2,False
102,Lowton,Burnley,85,0,0,0,0,0,0,0,0,0,0,0,0,0,0.0,0.0,0.0,0.0,0,False
103,Bardsley,Burnley,86,90,0,0,0,1,0,0,0,0,0,0,0,14,11.6,1.6,0.0,1.3,2,False
104,Taylor,Burnley,87,90,0,0,0,1,0,0,0,0,0,0,0,19,25.8,25.4,0.0,5.1,2,False
105,Long,Southampton,88,0,0,0,0,0,0,0,0,0,0,0,0,0,0.0,0.0,0.0,0.0,0,False
106,Gibson,Newcastle,89,0,0,0,0,0,0,0,0,0,0,0,0,0,0.0,0.0,0.0,0.0,0,False
107,Alonso,Chelsea,103,0,0,0,0,0,0,0,0,0,0,0,0,0,0.0,0.0,0.0,0.0,0,False
108,Rüdiger,Chelsea,104,90,0,0,0,1,0,0,0,0,0,0,0,13,13.0,3.1,34.0,5.0,2,False
109,Azpilicueta,Chelsea,105,90,0,0,0,1,0,0,0,0,0,0,0,17,15.0,15.6,29.0,6.0,2,False
110,David Luiz,Arsenal,106,90,0,0,0,1,0,0,0,0,0,0,0,16,16.2,0.3,1.0,1.8,2,False
111,Emerson,Chelsea,107,15,0,0,0,1,0,0,0,1,0,0,0,-2,0.0,1.0,10.0,0.9,0,False
112,Christensen,Chelsea,108,90,0,0,0,1,0,0,0,0,0,0,0,15,14.4,3.0,0.0,1.7,2,False
113,Zappacosta,Chelsea,109,0,0,0,0,0,0,0,0,0,0,0,0,0,0.0,0.0,0.0,0.0,0,False
114,Wan-Bissaka,Man Utd,122,90,0,0,0,2,0,0,0,0,0,0,0,21,24.2,22.6,12.0,5.9,1,False
115,van Aanholt,Crystal Palace,123,0,0,0,0,0,0,0,0,0,0,0,0,0,0.0,0.0,0.0,0.0,0,False
116,Tomkins,Crystal Palace,124,90,0,0,0,2,0,0,0,0,0,0,0,15,29.6,0.2,7.0,3.7,1,False
117,Sakho,Crystal Palace,125,0,0,0,0,0,0,0,0,0,0,0,0,0,0.0,0.0,0.0,0.0,0,False
118,Ward,Leicester,126,2,0,0,0,0,0,0,0,0,0,0,0,3,0.2,0.0,0.0,0.0,1,False
119,Dann,Crystal Palace,127,0,0,0,0,0,0,0,0,0,0,0,0,0,0.0,0.0,0.0,0.0,0,False
120,Kelly,Crystal Palace,128,90,0,0,0,2,0,0,0,0,0,0,0,11,14.2,0.1,0.0,1.4,1,False
121,Digne,Everton,141,90,0,0,0,1,0,0,0,0,0,0,0,20,27.4,66.3,4.0,9.8,2,False
122,Mina,Everton,142,90,0,0,0,1,0,0,0,0,0,0,0,12,27.4,0.3,24.0,5.2,2,False
123,Keane,Everton,143,0,0,0,0,0,0,0,0,0,0,0,0,0,0.0,0.0,0.0,0.0,0,False
124,Coleman,Everton,144,90,0,0,0,1,0,0,0,0,0,0,0,12,10.8,12.8,0.0,2.4,2,False
125,Baines,Everton,145,0,0,0,0,0,0,0,0,0,0,0,0,0,0.0,0.0,0.0,0.0,0,False
126,Pereira,Man Utd,159,90,0,0,0,2,0,0,0,0,0,0,0,19,27.6,28.3,12.0,6.8,1,False
127,Maguire,Man Utd,160,90,0,0,0,2,0,0,0,0,0,0,0,15,22.4,0.8,2.0,2.5,1,False
128,Chilwell,Leicester,161,0,0,0,0,0,0,0,0,0,0,0,0,0,0.0,0.0,0.0,0.0,0,False
129,Evans,Leicester,162,90,0,0,0,2,0,0,0,0,0,0,0,18,16.8,0.5,10.0,2.7,1,False
130,Fuchs,Leicester,163,90,0,0,0,2,0,0,0,0,0,0,0,12,18.0,7.2,0.0,2.5,1,False
131,Söyüncü,Leicester,164,90,0,0,0,2,0,0,0,0,0,0,0,12,12.0,1.4,5.0,1.8,1,False
132,Morgan,Leicester,165,0,0,0,0,0,0,0,0,0,0,0,0,0,0.0,0.0,0.0,0.0,0,False
133,Robertson,Liverpool,181,90,0,0,1,0,0,0,0,0,0,0,0,24,11.0,18.6,4.0,3.4,6,False
134,Alexander-Arnold,Liverpool,182,90,0,1,1,0,0,0,0,0,0,0,1,37,30.0,34.9,2.0,6.7,10,True
135,van Dijk,Liverpool,183,90,1,0,1,0,0,0,0,0,0,0,3,44,55.0,0.4,21.0,7.6,15,True
136,Gomez,Liverpool,184,90,0,0,1,0,0,0,0,0,0,0,0,28,10.4,0.3,0.0,1.1,6,False
137,Matip,Liverpool,185,0,0,0,0,0,0,0,0,0,0,0,0,0,0.0,0.0,0.0,0.0,0,False
138,Lovren,Liverpool,186,0,0,0,0,0,0,0,0,0,0,0,0,0,0.0,0.0,0.0,0.0,0,False
139,Laporte,Man City,202,0,0,0,0,0,0,0,0,0,0,0,0,0,0.0,0.0,0.0,0.0,0,False
140,Walker,Man City,203,0,0,0,0,0,0,0,0,0,0,0,0,0,0.0,0.0,0.0,0.0,0,False
141,Mendy,Man City,204,90,0,1,0,2,0,0,0,1,0,0,2,34,47.2,75.8,2.0,12.5,5,False
142,Delph,Everton,205,90,0,0,0,1,0,0,0,0,0,0,0,16,13.6,6.3,0.0,2.0,2,False
143,Zinchenko,Man City,206,0,0,0,0,0,0,0,0,0,0,0,0,0,0.0,0.0,0.0,0.0,0,False
144,Stones,Man City,207,90,0,0,0,2,0,0,0,0,0,0,0,14,14.6,13.3,18.0,4.6,1,False
145,Otamendi,Man City,208,0,0,0,0,0,0,0,0,0,0,0,0,0,0.0,0.0,0.0,0.0,0,False
146,Danilo,Man City,209,0,0,0,0,0,0,0,0,0,0,0,0,0,0.0,0.0,0.0,0.0,0,False
147,Smalling,Man Utd,223,0,0,0,0,0,0,0,0,0,0,0,0,0,0.0,0.0,0.0,0.0,0,False
148,Young,Newcastle,224,0,0,0,0,0,0,0,0,0,0,0,0,0,0.0,0.0,0.0,0.0,0,False
149,Lindelöf,Man Utd,225,90,0,0,0,2,0,0,0,0,0,0,0,12,20.4,0.7,0.0,2.1,1,False
150,Shaw,Man Utd,226,86,0,0,0,1,0,0,0,1,0,0,0,15,23.6,0.4,0.0,2.4,1,False
151,Rojo,Man Utd,227,0,0,0,0,0,0,0,0,0,0,0,0,0,0.0,0.0,0.0,0.0,0,False
152,Bailly,Man Utd,228,0,0,0,0,0,0,0,0,0,0,0,0,0,0.0,0.0,0.0,0.0,0,False
153,Dalot,Man Utd,229,3,0,0,0,1,0,0,0,0,0,0,0,1,2.4,1.0,2.0,0.5,1,False
154,Darmian,Man Utd,230,0,0,0,0,0,0,0,0,0,0,0,0,0,0.0,0.0,0.0,0.0,0,False
155,Jones,Man Utd,231,0,0,0,0,0,0,0,0,0,0,0,0,0,0.0,0.0,0.0,0.0,0,False
156,Ritchie,Newcastle,251,78,0,0,1,0,0,0,0,0,0,0,0,21,10.6,5.8,0.0,1.6,6,False
157,Schär,Newcastle,252,0,0,0,0,0,0,0,0,0,0,0,0,0,0.0,0.0,0.0,0.0,0,False
158,Yedlin,Newcastle,253,0,0,0,0,0,0,0,0,0,0,0,0,0,0.0,0.0,0.0,0.0,0,False
159,Fernández,Newcastle,254,90,0,0,1,0,0,0,0,0,0,0,3,33,26.4,15.1,4.0,4.6,9,True
160,Dummett,Newcastle,255,0,0,0,0,0,0,0,0,0,0,0,0,0,0.0,0.0,0.0,0.0,0,False
161,Manquillo,Newcastle,256,0,0,0,0,0,0,0,0,0,0,0,0,0,0.0,0.0,0.0,0.0,0,False
162,Lejeune,Newcastle,257,0,0,0,0,0,0,0,0,0,0,0,0,0,0.0,0.0,0.0,0.0,0,False
163,Lascelles,Newcastle,258,90,0,0,1,0,0,0,0,0,0,0,0,23,22.8,0.3,2.0,2.5,6,False
164,Clark,Newcastle,259,90,0,0,1,0,0,0,0,0,0,0,0,24,31.8,0.5,0.0,3.2,6,False
165,Klose,Norwich,272,0,0,0,0,0,0,0,0,0,0,0,0,0,0.0,0.0,0.0,0.0,0,False
166,Godfrey,Norwich,273,75,0,0,1,0,0,0,0,0,1,0,0,13,9.4,1.3,0.0,1.1,3,False
167,Aarons,Norwich,274,90,0,0,1,0,0,0,0,0,0,0,0,22,10.4,21.1,4.0,3.6,6,False
168,Zimmermann,Norwich,275,90,0,0,1,0,0,0,0,0,0,0,1,24,11.6,0.1,0.0,1.2,7,False
169,Lewis,West Ham,276,0,0,0,0,0,0,0,0,0,0,0,0,0,0.0,0.0,0.0,0.0,0,False
170,Hanley,Norwich,277,12,0,0,0,0,0,0,0,0,0,0,0,5,10.4,0.0,0.0,1.0,1,False
171,Stevens,Sheffield Utd,291,90,0,0,0,1,0,0,0,0,0,0,1,19,32.8,30.4,12.0,7.5,3,False
172,Freeman,Sheffield Utd,292,0,0,0,0,0,0,0,0,0,0,0,0,0,0.0,0.0,0.0,0.0,0,False
173,O'Connell,Sheffield Utd,293,90,0,0,0,1,0,0,0,0,0,0,0,11,13.4,11.3,9.0,3.4,2,False
174,Baldock,Sheffield Utd,294,90,0,0,0,1,0,0,0,1,0,0,0,7,6.4,0.9,2.0,0.9,1,False
175,Egan,Sheffield Utd,295,90,0,0,0,1,0,0,0,0,0,0,0,16,12.0,0.6,2.0,1.5,2,False
176,Stearman,Sheffield Utd,296,0,0,0,0,0,0,0,0,0,0,0,0,0,0.0,0.0,0.0,0.0,0,False
177,Lundstram,Sheffield Utd,297,66,0,0,0,1,0,0,0,0,0,0,0,9,1.6,1.5,6.0,0.9,2,False
178,Vestergaard,Southampton,304,0,0,0,0,0,0,0,0,0,0,0,0,0,0.0,0.0,0.0,0.0,0,False
179,Bertrand,Southampton,305,90,0,0,0,3,0,0,0,0,0,0,0,11,10.0,30.6,0.0,4.1,1,False
180,Valery,Southampton,306,0,0,0,0,0,0,0,0,0,0,0,0,0,0.0,0.0,0.0,0.0,0,False
181,Bednarek,Southampton,307,90,1,0,0,3,0,0,0,1,0,0,0,16,40.4,0.6,17.0,5.8,6,False
182,Stephens,Southampton,308,90,0,0,0,3,0,0,0,0,0,0,0,6,0.0,0.2,6.0,0.6,1,False
183,Targett,Aston Villa,309,90,0,0,0,1,0,0,0,0,0,0,0,16,16.6,17.2,0.0,3.4,2,False
184,Yoshida,Southampton,310,0,0,0,0,0,0,0,0,0,0,0,0,0,0.0,0.0,0.0,0.0,0,False
185,Ramsay,Southampton,311,0,0,0,0,0,0,0,0,0,0,0,0,0,0.0,0.0,0.0,0.0,0,False
186,Davies,Spurs,329,0,0,0,0,0,0,0,0,0,0,0,0,0,0.0,0.0,0.0,0.0,0,False
187,Vertonghen,Spurs,330,90,0,0,1,0,0,0,0,1,0,0,0,22,20.2,0.2,0.0,2.0,5,False
188,Alderweireld,Spurs,331,90,0,0,1,0,0,0,0,0,0,0,1,27,27.0,10.9,0.0,3.8,7,False
189,Rose,Newcastle,332,0,0,0,0,0,0,0,0,0,0,0,0,0,0.0,0.0,0.0,0.0,0,False
190,Sánchez,Spurs,333,0,0,0,0,0,0,0,0,0,0,0,0,0,0.0,0.0,0.0,0.0,0,False
191,Trippier,Spurs,334,0,0,0,0,0,0,0,0,0,0,0,0,0,0.0,0.0,0.0,0.0,0,False
192,Foyth,Spurs,335,0,0,0,0,0,0,0,0,0,0,0,0,0,0.0,0.0,0.0,0.0,0,False
193,Aurier,Spurs,336,90,0,0,1,0,0,0,0,0,0,0,0,26,27.6,32.9,16.0,7.7,6,False
194,Walker-Peters,Southampton,337,0,0,0,0,0,0,0,0,0,0,0,0,0,0.0,0.0,0.0,0.0,0,False
195,Holebas,Watford,353,0,0,0,0,0,0,0,0,0,0,0,0,0,0.0,0.0,0.0,0.0,0,False
196,Kabasele,Watford,354,0,0,0,0,0,0,0,0,0,0,0,0,0,0.0,0.0,0.0,0.0,0,False
197,Masina,Watford,355,90,0,0,1,0,0,0,0,0,0,0,0,24,10.6,5.3,4.0,2.0,6,False
198,Mariappa,Watford,356,90,0,0,1,0,0,0,0,0,0,0,0,21,12.0,1.8,0.0,1.4,6,False
199,Kiko Femenía,Watford,357,0,0,0,0,0,0,0,0,0,0,0,0,0,0.0,0.0,0.0,0.0,0,False
200,Cathcart,Watford,358,90,0,0,1,0,0,0,0,0,0,0,0,22,24.8,10.2,0.0,3.5,6,False
201,Janmaat,Watford,359,0,0,0,0,0,0,0,0,0,0,0,0,0,0.0,0.0,0.0,0.0,0,False
202,Navarro,Watford,360,0,0,0,0,0,0,0,0,0,0,0,0,0,0.0,0.0,0.0,0.0,0,False
203,Prödl,Watford,361,0,0,0,0,0,0,0,0,0,0,0,0,0,0.0,0.0,0.0,0.0,0,False
204,Cresswell,West Ham,376,90,0,0,0,1,0,0,0,0,0,0,0,16,21.4,59.3,0.0,8.1,2,False
205,Ogbonna,West Ham,377,90,0,0,0,1,0,0,0,0,0,0,0,11,9.8,0.4,0.0,1.0,2,False
206,Masuaku,West Ham,378,30,0,0,0,0,0,0,0,0,0,0,0,3,6.4,2.1,0.0,0.9,1,False
207,Zabaleta,West Ham,379,90,0,0,0,1,0,0,0,1,0,0,0,15,20.4,27.1,2.0,5.0,1,False
208,Fredericks,West Ham,380,0,0,0,0,0,0,0,0,0,0,0,0,0,0.0,0.0,0.0,0.0,0,False
209,Diop,West Ham,381,90,1,0,0,1,0,0,0,0,0,0,0,22,58.8,0.0,17.0,7.6,8,False
210,Balbuena,West Ham,382,0,0,0,0,0,0,0,0,0,0,0,0,0,0.0,0.0,0.0,0.0,0,False
211,Reid,West Ham,383,0,0,0,0,0,0,0,0,0,0,0,0,0,0.0,0.0,0.0,0.0,0,False
212,Johnson,West Ham,384,0,0,0,0,0,0,0,0,0,0,0,0,0,0.0,0.0,0.0,0.0,0,False
213,Doherty,Wolves,401,90,0,0,0,2,0,0,0,0,0,0,0,8,8.2,0.8,4.0,1.3,1,False
214,Jonny,Wolves,402,90,0,1,0,2,0,0,0,0,0,0,0,15,12.0,11.0,4.0,2.7,4,False
215,Coady,Wolves,403,90,0,0,0,2,0,0,0,0,0,0,0,12,8.6,0.0,0.0,0.9,1,False
216,Bennett,Leicester,404,0,0,0,0,0,0,0,0,0,0,0,0,0,0.0,0.0,0.0,0.0,0,False
217,Boly,Wolves,405,0,0,0,0,0,0,0,0,0,0,0,0,0,0.0,0.0,0.0,0.0,0,False
218,Vinagre,Wolves,406,0,0,0,0,0,0,0,0,0,0,0,0,0,0.0,0.0,0.0,0.0,0,False
219,Saïss,Wolves,407,90,0,0,0,2,0,0,0,0,0,0,0,10,13.8,0.3,0.0,1.4,1,False
220,Kilman,Wolves,408,4,0,0,0,0,0,0,0,0,0,0,0,3,2.0,0.0,0.0,0.2,1,False
221,Basham,Sheffield Utd,423,75,0,0,0,1,0,0,0,0,0,0,0,12,12.8,1.3,6.0,2.0,2,False
222,Justin,Leicester,433,0,0,0,0,0,0,0,0,0,0,0,0,0,0.0,0.0,0.0,0.0,0,False
223,Dawson,Watford,439,90,0,0,1,0,0,0,0,0,0,0,0,21,17.0,0.3,0.0,1.7,6,False
224,Angeliño,Man City,440,0,0,0,0,0,0,0,0,0,0,0,0,0,0.0,0.0,0.0,0.0,0,False
225,Jagielka,Sheffield Utd,444,0,0,0,0,0,0,0,0,0,0,0,0,0,0.0,0.0,0.0,0.0,0,False
226,Mings,Aston Villa,445,90,0,0,0,1,0,0,0,0,0,0,0,17,28.8,0.3,0.0,2.9,2,False
227,Stacey,Bournemouth,446,0,0,0,0,0,0,0,0,0,0,0,0,0,0.0,0.0,0.0,0.0,0,False
228,Pieters,Burnley,447,0,0,0,0,0,0,0,0,0,0,0,0,0,0.0,0.0,0.0,0.0,0,False
229,Konsa,Aston Villa,452,90,0,0,0,1,0,0,0,0,0,0,0,13,8.8,0.7,19.0,2.9,2,False
230,Byram,Norwich,454,90,0,0,1,0,0,0,0,0,0,0,2,28,14.0,17.1,0.0,3.1,8,False
231,Engels,Aston Villa,455,0,0,0,0,0,0,0,0,0,0,0,0,0,0.0,0.0,0.0,0.0,0,False
232,Guilbert,Aston Villa,458,90,0,0,0,1,0,0,0,0,0,0,0,9,24.6,2.0,0.0,2.7,2,False
233,Zouma,Chelsea,459,0,0,0,0,0,0,0,0,0,0,0,0,0,0.0,0.0,0.0,0.0,0,False
234,Chambers,Arsenal,467,0,0,0,0,0,0,0,0,0,0,0,0,0,0.0,0.0,0.0,0.0,0,False
235,Vallejo,Wolves,473,0,0,0,0,0,0,0,0,0,0,0,0,0,0.0,0.0,0.0,0.0,0,False
236,Burn,Brighton,475,0,0,0,0,0,0,0,0,0,0,0,0,0,0.0,0.0,0.0,0.0,0,False
237,Gibson,Newcastle,477,0,0,0,0,0,0,0,0,0,0,0,0,0,0.0,0.0,0.0,0.0,0,False
238,Holgate,Everton,478,90,0,1,0,1,0,0,0,0,0,0,3,32,51.4,10.7,2.0,6.4,8,False
239,Tuanzebe,Man Utd,481,0,0,0,0,0,0,0,0,0,0,0,0,0,0.0,0.0,0.0,0.0,0,False
240,Heise,Norwich,484,0,0,0,0,0,0,0,0,0,0,0,0,0,0.0,0.0,0.0,0.0,0,False
241,Hoedt,Southampton,485,0,0,0,0,0,0,0,0,0,0,0,0,0,0.0,0.0,0.0,0.0,0,False
242,Cédric,Arsenal,486,90,0,1,0,3,0,0,0,0,0,0,0,20,48.6,30.5,17.0,9.6,4,False
243,Webster,Brighton,493,90,0,0,0,1,0,0,0,1,0,0,0,9,15.8,10.3,9.0,3.5,1,False
244,Willems,Newcastle,498,11,0,0,0,0,0,0,0,0,0,0,0,3,1.2,0.0,0.0,0.1,1,False
245,Cahill,Crystal Palace,503,90,0,1,0,2,0,0,0,0,0,0,0,26,48.2,10.5,10.0,6.9,4,False
246,James,Man Utd,506,74,0,0,1,0,0,0,0,0,0,0,2,32,24.4,36.1,0.0,6.1,8,False
247,Sidibé,Everton,511,33,0,0,0,0,0,0,0,0,0,0,0,7,8.2,3.7,0.0,1.2,1,False
248,Tierney,Arsenal,515,0,0,0,0,0,0,0,0,0,0,0,0,0,0.0,0.0,0.0,0.0,0,False
249,Cancelo,Man City,518,90,0,0,0,2,0,0,0,0,0,0,0,15,17.0,15.4,4.0,3.6,1,False
250,Krafth,Newcastle,519,70,0,0,1,0,0,0,0,0,0,0,0,24,10.4,0.8,2.0,1.3,6,False
251,Tomori,Chelsea,529,0,0,0,0,0,0,0,0,0,0,0,0,0,0.0,0.0,0.0,0.0,0,False
252,Danso,Southampton,532,0,0,0,0,0,0,0,0,0,0,0,0,0,0.0,0.0,0.0,0.0,0,False
253,Baluta,Brighton,536,0,0,0,0,0,0,0,0,0,0,0,0,0,0.0,0.0,0.0,0.0,0,False
254,Foulquier,Watford,542,0,0,0,0,0,0,0,0,0,0,0,0,0,0.0,0.0,0.0,0.0,0,False
255,Garcia,Man City,544,0,0,0,0,0,0,0,0,0,0,0,0,0,0.0,0.0,0.0,0.0,0,False
256,Guehi,Chelsea,545,0,0,0,0,0,0,0,0,0,0,0,0,0,0.0,0.0,0.0,0.0,0,False
257,Schelotto,Brighton,546,0,0,0,0,0,0,0,0,0,0,0,0,0,0.0,0.0,0.0,0.0,0,False
258,Williams,Man Utd,549,74,0,0,0,1,0,0,0,0,0,0,0,4,7.8,2.0,2.0,1.2,2,False
259,Famewo,Norwich,552,0,0,0,0,0,0,0,0,0,0,0,0,0,0.0,0.0,0.0,0.0,0,False
260,Driscoll-Glennon,Burnley,572,0,0,0,0,0,0,0,0,0,0,0,0,0,0.0,0.0,0.0,0.0,0,False
261,Williams,Man Utd,575,0,0,0,0,0,0,0,0,0,0,0,0,0,0.0,0.0,0.0,0.0,0,False
262,Cuco Martina,Everton,577,0,0,0,0,0,0,0,0,0,0,0,0,0,0.0,0.0,0.0,0.0,0,False
263,Woods,Crystal Palace,578,0,0,0,0,0,0,0,0,0,0,0,0,0,0.0,0.0,0.0,0.0,0,False
264,Mitchell,Crystal Palace,579,0,0,0,0,0,0,0,0,0,0,0,0,0,0.0,0.0,0.0,0.0,0,False
265,Tanganga,Spurs,583,90,0,0,1,0,0,0,0,1,0,0,0,23,31.2,1.9,7.0,4.0,5,False
266,Lamptey,Brighton,586,0,0,0,0,0,0,0,0,0,0,0,0,0,0.0,0.0,0.0,0.0,0,False
267,Buur,Wolves,587,0,0,0,0,0,0,0,0,0,0,0,0,0,0.0,0.0,0.0,0.0,0,False
268,Phillips,Liverpool,589,0,0,0,0,0,0,0,0,0,0,0,0,0,0.0,0.0,0.0,0.0,0,False
269,Ngakia,West Ham,593,0,0,0,0,0,0,0,0,0,0,0,0,0,0.0,0.0,0.0,0.0,0,False
270,Cardoso,West Ham,594,0,0,0,0,0,0,0,0,0,0,0,0,0,0.0,0.0,0.0,0.0,0,False
271,Koiki,Burnley,596,0,0,0,0,0,0,0,0,0,0,0,0,0,0.0,0.0,0.0,0.0,0,False
272,Benkovic,Leicester,597,0,0,0,0,0,0,0,0,0,0,0,0,0,0.0,0.0,0.0,0.0,0,False
273,Watts,Newcastle,599,0,0,0,0,0,0,0,0,0,0,0,0,0,0.0,0.0,0.0,0.0,0,False
274,Giles,Wolves,607,0,0,0,0,0,0,0,0,0,0,0,0,0,0.0,0.0,0.0,0.0,0,False
275,Özil,Arsenal,15,90,0,0,0,1,0,0,0,0,0,0,0,17,17.0,53.3,2.0,7.2,2,False
276,Mkhitaryan,Arsenal,16,0,0,0,0,0,0,0,0,0,0,0,0,0,0.0,0.0,0.0,0.0,0,False
277,Iwobi,Everton,17,0,0,0,0,0,0,0,0,0,0,0,0,0,0.0,0.0,0.0,0.0,0,False
278,Xhaka,Arsenal,18,90,0,0,0,1,0,0,0,1,0,0,0,12,20.0,7.5,2.0,3.0,1,False
279,Torreira,Arsenal,19,90,0,0,0,1,0,0,0,0,0,0,0,13,14.6,6.7,7.0,2.8,2,False
280,Elneny,Arsenal,20,0,0,0,0,0,0,0,0,0,0,0,0,0,0.0,0.0,0.0,0.0,0,False
281,Guendouzi,Arsenal,21,0,0,0,0,0,0,0,0,0,0,0,0,0,0.0,0.0,0.0,0.0,0,False
282,Hourihane,Aston Villa,28,4,0,0,0,0,0,0,0,1,0,0,0,1,2.2,14.2,0.0,1.6,0,False
283,Grealish,Aston Villa,29,90,1,0,0,1,0,0,0,0,0,0,3,27,33.4,18.5,31.0,8.3,10,True
284,El Ghazi,Aston Villa,30,90,0,0,0,1,0,0,0,0,0,0,0,4,3.6,6.8,8.0,1.8,2,False
285,McGinn,Aston Villa,31,0,0,0,0,0,0,0,0,0,0,0,0,0,0.0,0.0,0.0,0.0,0,False
286,Green,Aston Villa,32,0,0,0,0,0,0,0,0,0,0,0,0,0,0.0,0.0,0.0,0.0,0,False
287,Bjarnason,Aston Villa,33,0,0,0,0,0,0,0,0,0,0,0,0,0,0.0,0.0,0.0,0.0,0,False
288,Davis,Aston Villa,34,0,0,0,0,0,0,0,0,0,0,0,0,0,0.0,0.0,0.0,0.0,0,False
289,Lansbury,Aston Villa,35,0,0,0,0,0,0,0,0,0,0,0,0,0,0.0,0.0,0.0,0.0,0,False
290,Jota,Wolves,36,0,0,0,0,0,0,0,0,0,0,0,0,0,0.0,0.0,0.0,0.0,0,False
291,Groß,Brighton,49,9,0,0,0,0,0,0,0,0,0,0,0,5,4.2,18.5,0.0,2.3,1,False
292,Jahanbakhsh,Brighton,50,0,0,0,0,0,0,0,0,0,0,0,0,0,0.0,0.0,0.0,0.0,0,False
293,Izquierdo,Brighton,51,0,0,0,0,0,0,0,0,0,0,0,0,0,0.0,0.0,0.0,0.0,0,False
294,Knockaert,Brighton,52,0,0,0,0,0,0,0,0,0,0,0,0,0,0.0,0.0,0.0,0.0,0,False
295,Bissouma,Brighton,53,0,0,0,0,0,0,0,0,0,0,0,0,0,0.0,0.0,0.0,0.0,0,False
296,Pröpper,Brighton,54,90,0,0,0,1,0,0,0,0,0,0,0,13,10.4,4.4,2.0,1.7,2,False
297,March,Brighton,55,0,0,0,0,0,0,0,0,0,0,0,0,0,0.0,0.0,0.0,0.0,0,False
298,Kayal,Brighton,56,0,0,0,0,0,0,0,0,0,0,0,0,0,0.0,0.0,0.0,0.0,0,False
299,Stephens,Southampton,57,90,0,0,0,1,0,0,0,0,0,0,0,17,18.6,13.0,8.0,4.0,2,False
300,Fraser,Bournemouth,75,90,0,0,0,1,0,0,0,0,0,0,0,16,10.4,30.3,2.0,4.3,2,False
301,Brooks,Bournemouth,76,0,0,0,0,0,0,0,0,0,0,0,0,0,0.0,0.0,0.0,0.0,0,False
302,Stanislas,Bournemouth,77,0,0,0,0,0,0,0,0,0,0,0,0,0,0.0,0.0,0.0,0.0,0,False
303,Ibe,Bournemouth,78,0,0,0,0,0,0,0,0,0,0,0,0,0,0.0,0.0,0.0,0.0,0,False
304,Lewis Cook,Bournemouth,79,4,0,0,0,0,0,0,0,0,0,0,0,5,5.0,0.2,0.0,0.5,1,False
305,Surman,Bournemouth,80,0,0,0,0,0,0,0,0,0,0,0,0,0,0.0,0.0,0.0,0.0,0,False
306,Gosling,Bournemouth,81,85,0,0,0,1,0,0,0,0,0,0,0,-2,9.4,0.8,17.0,2.7,2,False
307,Lerma,Bournemouth,82,77,0,0,0,1,0,0,0,0,0,0,0,8,9.6,0.9,0.0,1.1,2,False
308,Gudmundsson,Burnley,96,0,0,0,0,0,0,0,0,0,0,0,0,0,0.0,0.0,0.0,0.0,0,False
309,McNeil,Burnley,97,90,0,0,0,1,0,0,0,0,0,0,0,9,7.4,20.0,12.0,3.9,2,False
310,Brady,Burnley,98,0,0,0,0,0,0,0,0,0,0,0,0,0,0.0,0.0,0.0,0.0,0,False
311,Defour,Burnley,99,0,0,0,0,0,0,0,0,0,0,0,0,0,0.0,0.0,0.0,0.0,0,False
312,Hendrick,Burnley,100,90,0,0,0,1,0,0,0,0,0,0,0,3,5.8,1.9,0.0,0.8,2,False
313,Westwood,Burnley,101,90,1,0,0,1,0,0,0,0,0,0,2,36,41.8,2.3,17.0,6.1,9,True
314,Cork,Burnley,102,90,0,0,0,1,0,0,0,0,0,0,0,12,19.6,11.5,0.0,3.1,2,False
315,Willian,Chelsea,113,90,0,0,0,1,0,0,0,0,0,0,0,14,21.4,58.7,36.0,11.6,2,False
316,Pedro,Chelsea,114,0,0,0,0,0,0,0,0,0,0,0,0,0,0.0,0.0,0.0,0.0,0,False
317,Loftus-Cheek,Chelsea,115,0,0,0,0,0,0,0,0,0,0,0,0,0,0.0,0.0,0.0,0.0,0,False
318,Hudson-Odoi,Chelsea,116,90,0,0,0,1,0,0,0,0,0,0,0,11,7.4,40.0,11.0,5.8,2,False
319,Barkley,Chelsea,117,22,0,0,0,1,0,0,0,0,0,0,0,5,3.2,4.3,6.0,1.4,1,False
320,Jorginho,Chelsea,118,90,0,0,0,1,0,0,0,0,0,0,0,16,18.6,23.4,10.0,5.2,2,False
321,Kanté,Chelsea,119,90,0,0,0,1,0,0,0,0,0,0,0,14,20.4,16.3,32.0,6.9,2,False
322,Drinkwater,Aston Villa,120,67,0,0,0,1,0,0,0,1,0,0,0,9,1.4,1.8,8.0,1.1,1,False
323,Ampadu,Chelsea,121,0,0,0,0,0,0,0,0,0,0,0,0,0,0.0,0.0,0.0,0.0,0,False
324,Zaha,Crystal Palace,133,90,0,1,0,2,0,0,0,0,0,0,0,19,11.8,11.7,25.0,4.9,5,False
325,Milivojevic,Crystal Palace,134,0,0,0,0,0,0,0,0,0,0,0,0,0,0.0,0.0,0.0,0.0,0,False
326,Townsend,Crystal Palace,135,0,0,0,0,0,0,0,0,0,0,0,0,0,0.0,0.0,0.0,0.0,0,False
327,Meyer,Crystal Palace,136,0,0,0,0,0,0,0,0,0,0,0,0,0,0.0,0.0,0.0,0.0,0,False
328,Schlupp,Crystal Palace,137,0,0,0,0,0,0,0,0,0,0,0,0,0,0.0,0.0,0.0,0.0,0,False
329,McArthur,Crystal Palace,138,90,0,0,0,2,0,0,0,1,0,0,0,17,34.8,11.5,0.0,4.6,1,False
330,Kouyaté,Crystal Palace,139,90,0,0,0,2,0,0,0,0,0,0,0,6,5.6,0.4,4.0,1.0,2,False
331,Dreher,Crystal Palace,140,0,0,0,0,0,0,0,0,0,0,0,0,0,0.0,0.0,0.0,0.0,0,False
332,Richarlison,Everton,150,0,0,0,0,0,0,0,0,0,0,0,0,0,0.0,0.0,0.0,0.0,0,False
333,Sigurdsson,Everton,151,0,0,0,0,0,0,0,0,0,0,0,0,0,0.0,0.0,0.0,0.0,0,False
334,Bernard,Everton,152,45,0,0,0,1,0,0,0,0,0,0,0,1,0.6,3.8,2.0,0.6,1,False
335,Walcott,Everton,153,56,0,0,0,1,0,0,0,0,0,0,0,2,9.0,13.1,39.0,6.1,1,False
336,Davies,Spurs,154,90,0,0,0,1,0,0,0,0,0,0,0,11,8.2,2.3,12.0,2.3,2,False
337,Lookman,Everton,155,0,0,0,0,0,0,0,0,0,0,0,0,0,0.0,0.0,0.0,0.0,0,False
338,Gueye,Everton,156,0,0,0,0,0,0,0,0,0,0,0,0,0,0.0,0.0,0.0,0.0,0,False
339,McCarthy,Southampton,157,90,0,0,0,2,0,0,0,0,0,0,0,13,23.8,19.1,0.0,4.3,2,False
340,Schneiderlin,Everton,158,0,0,0,0,0,0,0,0,0,0,0,0,0,0.0,0.0,0.0,0.0,0,False
341,Maddison,Leicester,171,90,0,0,0,2,0,0,0,0,0,0,0,14,15.0,62.2,42.0,11.9,2,False
342,Barnes,Leicester,172,90,1,0,0,2,0,0,0,0,0,0,0,25,44.6,35.7,57.0,13.7,7,False
343,Ghezzal,Leicester,173,0,0,0,0,0,0,0,0,0,0,0,0,0,0.0,0.0,0.0,0.0,0,False
344,Albrighton,Leicester,174,0,0,0,0,0,0,0,0,0,0,0,0,0,0.0,0.0,0.0,0.0,0,False
345,Gray,Watford,175,0,0,0,0,0,0,0,0,0,0,0,0,0,0.0,0.0,0.0,0.0,0,False
346,Ndidi,Leicester,176,0,0,0,0,0,0,0,0,0,0,0,0,0,0.0,0.0,0.0,0.0,0,False
347,James,Man Utd,177,0,0,0,0,0,0,0,0,0,0,0,0,0,0.0,0.0,0.0,0.0,0,False
348,Amartey,Leicester,178,0,0,0,0,0,0,0,0,0,0,0,0,0,0.0,0.0,0.0,0.0,0,False
349,Mendy,Man City,179,90,0,0,0,2,0,0,0,0,0,0,0,17,17.2,2.3,7.0,2.7,2,False
350,Choudhury,Leicester,180,0,0,0,0,0,0,0,0,0,0,0,0,0,0.0,0.0,0.0,0.0,0,False
351,Salah,Liverpool,191,90,1,0,1,0,0,0,0,1,0,0,0,23,44.4,32.7,55.0,13.2,7,False
352,Mané,Liverpool,192,82,0,0,1,0,0,0,0,0,0,0,0,0,3.2,25.5,41.0,7.0,3,False
353,Chamberlain,Liverpool,193,65,0,0,1,0,0,0,0,0,0,0,0,9,16.8,6.6,15.0,3.8,3,False
354,Shaqiri,Liverpool,194,0,0,0,0,0,0,0,0,0,0,0,0,0,0.0,0.0,0.0,0.0,0,False
355,Lallana,Liverpool,195,24,0,0,0,0,0,0,0,0,0,0,0,2,2.0,1.1,0.0,0.3,1,False
356,Keita,Liverpool,196,0,0,0,0,0,0,0,0,0,0,0,0,0,0.0,0.0,0.0,0.0,0,False
357,Fabinho,Liverpool,197,7,0,0,0,0,0,0,0,0,0,0,0,3,0.0,0.0,0.0,0.0,1,False
358,Henderson,Sheffield Utd,198,90,0,0,1,0,0,0,0,0,0,0,0,19,20.8,15.8,19.0,5.6,3,False
359,Wijnaldum,Liverpool,199,90,0,0,1,0,0,0,0,0,0,0,0,16,11.8,13.6,2.0,2.7,3,False
360,Milner,Liverpool,200,0,0,0,0,0,0,0,0,0,0,0,0,0,0.0,0.0,0.0,0.0,0,False
361,Camacho,Liverpool,201,0,0,0,0,0,0,0,0,0,0,0,0,0,0.0,0.0,0.0,0.0,0,False
362,Sterling,Man City,214,88,0,0,0,1,0,0,0,0,0,0,0,9,0.0,13.5,52.0,6.6,2,False
363,De Bruyne,Man City,215,90,0,0,0,2,0,0,0,0,0,0,0,21,30.4,104.8,29.0,16.4,2,False
364,Sané,Man City,216,0,0,0,0,0,0,0,0,0,0,0,0,0,0.0,0.0,0.0,0.0,0,False
365,Mahrez,Man City,217,17,0,0,0,1,0,0,0,0,0,0,0,1,0.8,1.9,8.0,1.1,1,False
366,Bernardo Silva,Man City,218,72,0,0,0,1,0,0,0,0,0,0,0,16,18.4,43.7,68.0,13.0,2,False
367,David Silva,Man City,219,61,0,0,0,1,0,0,0,0,0,0,0,16,10.8,17.5,55.0,8.3,2,False
368,Foden,Man City,220,0,0,0,0,0,0,0,0,0,0,0,0,0,0.0,0.0,0.0,0.0,0,False
369,Fernandinho,Man City,221,90,0,0,0,2,1,0,0,0,0,0,0,6,4.8,5.0,1.0,1.1,0,False
370,Gündogan,Man City,222,90,0,0,0,2,0,0,0,0,0,0,0,16,18.4,42.6,5.0,6.6,2,False
371,Pogba,Man Utd,238,0,0,0,0,0,0,0,0,0,0,0,0,0,0.0,0.0,0.0,0.0,0,False
372,Martial,Man Utd,239,90,0,0,0,2,0,0,0,0,0,0,0,0,5.8,6.1,16.0,2.8,2,False
373,Sánchez,Spurs,240,0,0,0,0,0,0,0,0,0,0,0,0,0,0.0,0.0,0.0,0.0,0,False
374,Lingard,Man Utd,241,0,0,0,0,0,0,0,0,0,0,0,0,0,0.0,0.0,0.0,0.0,0,False
375,Mata,Man Utd,242,16,0,0,0,1,0,0,0,0,0,0,0,2,4.0,6.5,21.0,3.2,1,False
376,James,Man Utd,243,90,0,0,0,2,0,0,0,0,0,0,0,4,3.8,2.8,2.0,0.9,2,False
377,Fred,Man Utd,244,90,0,0,0,2,0,0,0,0,0,0,0,23,22.4,27.9,11.0,6.1,2,False
378,Gomes,Watford,245,0,0,0,0,0,0,0,0,0,0,0,0,0,0.0,0.0,0.0,0.0,0,False
379,Pereira,Man Utd,246,73,0,0,0,1,0,0,0,0,0,0,0,6,9.6,12.2,20.0,4.2,2,False
380,Matic,Man Utd,247,90,0,0,0,2,0,0,0,1,0,0,0,8,13.8,3.3,0.0,1.7,1,False
381,McTominay,Man Utd,248,0,0,0,0,0,0,0,0,0,0,0,0,0,0.0,0.0,0.0,0.0,0,False
382,Chong,Man Utd,249,0,0,0,0,0,0,0,0,0,0,0,0,0,0.0,0.0,0.0,0.0,0,False
383,Garner,Man Utd,250,0,0,0,0,0,0,0,0,0,0,0,0,0,0.0,0.0,0.0,0.0,0,False
384,Pérez,Leicester,265,73,0,0,0,1,0,0,0,0,0,0,0,17,9.8,19.3,37.0,6.6,2,False
385,Almirón,Newcastle,266,90,0,0,1,0,0,0,0,0,0,0,0,11,11.4,6.3,2.0,2.0,3,False
386,Atsu,Newcastle,267,0,0,0,0,0,0,0,0,0,0,0,0,0,0.0,0.0,0.0,0.0,0,False
387,Ki Sung-yueng,Newcastle,268,0,0,0,0,0,0,0,0,0,0,0,0,0,0.0,0.0,0.0,0.0,0,False
388,Shelvey,Newcastle,269,84,0,0,1,0,0,0,0,0,0,0,0,20,25.2,35.4,7.0,6.8,3,False
389,Longstaff,Newcastle,270,19,0,0,0,0,0,0,0,0,0,0,0,5,4.4,0.4,0.0,0.5,1,False
390,Hayden,Newcastle,271,90,1,0,1,0,0,0,0,1,0,0,0,22,36.0,1.4,20.0,5.7,7,False
391,Vrancic,Norwich,282,0,0,0,0,0,0,0,0,0,0,0,0,0,0.0,0.0,0.0,0.0,0,False
392,Buendía,Norwich,283,90,0,0,1,0,0,0,0,1,0,0,0,14,18.2,52.3,47.0,11.8,2,False
393,Hernández,Norwich,284,0,0,0,0,0,0,0,0,0,0,0,0,0,0.0,0.0,0.0,0.0,0,False
394,Stiepermann,Norwich,285,0,0,0,0,0,0,0,0,0,0,0,0,0,0.0,0.0,0.0,0.0,0,False
395,McLean,Norwich,286,90,0,0,1,0,0,0,0,0,0,0,0,13,11.6,15.1,8.0,3.5,3,False
396,Cantwell,Norwich,287,90,0,0,1,0,0,0,0,0,0,0,0,19,13.8,22.3,32.0,6.8,3,False
397,Leitner,Norwich,288,0,0,0,0,0,0,0,0,0,0,0,0,0,0.0,0.0,0.0,0.0,0,False
398,Tettey,Norwich,289,90,0,0,1,0,0,0,0,0,0,0,0,12,5.4,12.1,2.0,2.0,3,False
399,Trybull,Norwich,290,0,0,0,0,0,0,0,0,0,0,0,0,0,0.0,0.0,0.0,0.0,0,False
400,Duffy,Sheffield Utd,300,0,0,0,0,0,0,0,0,0,0,0,0,0,0.0,0.0,0.0,0.0,0,False
401,Fleck,Sheffield Utd,301,90,1,0,0,1,0,0,0,0,0,0,3,33,49.8,22.3,37.0,10.9,10,True
402,Norwood,Sheffield Utd,302,90,0,0,0,1,0,0,0,1,0,0,0,9,5.2,24.4,1.0,3.1,1,False
403,Redmond,Southampton,320,77,0,0,0,3,0,0,0,0,0,0,0,14,12.4,30.3,3.0,4.6,2,False
404,Ward-Prowse,Southampton,321,90,0,1,0,3,0,0,0,1,0,0,0,19,14.0,26.5,0.0,4.1,4,False
405,Elyounoussi,Southampton,322,0,0,0,0,0,0,0,0,0,0,0,0,0,0.0,0.0,0.0,0.0,0,False
406,Armstrong,Southampton,323,70,0,0,0,2,0,0,0,0,0,0,0,5,4.0,1.4,9.0,1.4,2,False
407,Lemina,Southampton,324,0,0,0,0,0,0,0,0,0,0,0,0,0,0.0,0.0,0.0,0.0,0,False
408,Højbjerg,Southampton,325,90,0,0,0,3,0,0,0,0,0,0,0,16,15.2,2.8,0.0,1.8,2,False
409,Johnson,West Ham,326,0,0,0,0,0,0,0,0,0,0,0,0,0,0.0,0.0,0.0,0.0,0,False
410,Slattery,Southampton,327,0,0,0,0,0,0,0,0,0,0,0,0,0,0.0,0.0,0.0,0.0,0,False
411,Oriol Romeu,Southampton,328,0,0,0,0,0,0,0,0,0,0,0,0,0,0.0,0.0,0.0,0.0,0,False
412,Son,Spurs,342,90,0,0,1,0,0,0,0,0,0,0,0,10,15.4,45.6,48.0,10.9,3,False
413,Eriksen,Spurs,343,17,0,0,0,0,0,0,0,0,0,0,0,6,5.8,2.0,10.0,1.8,1,False
414,Alli,Spurs,344,72,0,0,1,0,0,0,0,0,0,0,0,10,13.2,26.7,11.0,5.1,3,False
415,Lucas Moura,Spurs,345,90,0,0,1,0,0,0,0,0,0,0,0,10,13.0,23.4,43.0,7.9,3,False
416,Lamela,Spurs,346,90,0,0,1,0,0,0,0,0,0,0,0,9,0.0,13.5,94.0,10.6,3,False
417,Winks,Spurs,347,90,0,0,1,0,0,0,0,1,0,0,0,10,12.0,13.1,0.0,2.5,2,False
418,Wanyama,Spurs,348,0,0,0,0,0,0,0,0,0,0,0,0,0,0.0,0.0,0.0,0.0,0,False
419,Sissoko,Spurs,349,0,0,0,0,0,0,0,0,0,0,0,0,0,0.0,0.0,0.0,0.0,0,False
420,Dier,Spurs,350,0,0,0,0,0,0,0,0,0,0,0,0,0,0.0,0.0,0.0,0.0,0,False
421,Amos,Spurs,351,0,0,0,0,0,0,0,0,0,0,0,0,0,0.0,0.0,0.0,0.0,0,False
422,Skipp,Spurs,352,0,0,0,0,0,0,0,0,0,0,0,0,0,0.0,0.0,0.0,0.0,0,False
423,Doucouré,Watford,368,90,0,0,1,0,0,0,0,1,0,0,0,-1,4.0,18.6,15.0,3.8,2,False
424,Pereyra,Watford,369,11,0,0,0,0,0,0,0,0,0,0,0,2,0.0,0.6,2.0,0.2,1,False
425,Hughes,Watford,370,0,0,0,0,0,0,0,0,0,0,0,0,0,0.0,0.0,0.0,0.0,0,False
426,Cleverley,Watford,371,0,0,0,0,0,0,0,0,0,0,0,0,0,0.0,0.0,0.0,0.0,0,False
427,Sema,Watford,372,0,0,0,0,0,0,0,0,0,0,0,0,0,0.0,0.0,0.0,0.0,0,False
428,Capoue,Watford,373,90,0,0,1,0,0,0,0,1,0,0,0,5,16.6,3.0,13.0,3.3,2,False
429,Chalobah,Watford,374,78,0,0,1,0,0,0,0,0,0,0,0,9,9.4,25.8,3.0,3.8,3,False
430,Quina,Watford,375,0,0,0,0,0,0,0,0,0,0,0,0,0,0.0,0.0,0.0,0.0,0,False
431,Antonio,West Ham,389,0,0,0,0,0,0,0,0,0,0,0,0,0,0.0,0.0,0.0,0.0,0,False
432,Felipe Anderson,West Ham,390,0,0,0,0,0,0,0,0,0,0,0,0,0,0.0,0.0,0.0,0.0,0,False
433,Lanzini,West Ham,391,83,0,0,0,1,0,0,0,0,0,0,0,10,5.2,5.9,2.0,1.3,2,False
434,Yarmolenko,West Ham,392,0,0,0,0,0,0,0,0,0,0,0,0,0,0.0,0.0,0.0,0.0,0,False
435,Snodgrass,West Ham,393,90,0,1,0,1,0,0,0,0,0,0,0,19,20.6,25.1,33.0,7.9,5,False
436,Wilshere,West Ham,394,0,0,0,0,0,0,0,0,0,0,0,0,0,0.0,0.0,0.0,0.0,0,False
437,Rice,West Ham,395,90,0,0,0,1,0,0,0,0,0,0,0,17,9.6,2.9,2.0,1.5,2,False
438,Noble,West Ham,396,90,0,0,0,1,0,0,0,0,0,0,1,24,24.6,27.1,3.0,5.5,3,False
439,Carlos Sánchez,West Ham,397,0,0,0,0,0,0,0,0,0,0,0,0,0,0.0,0.0,0.0,0.0,0,False
440,Diangana,West Ham,398,0,0,0,0,0,0,0,0,0,0,0,0,0,0.0,0.0,0.0,0.0,0,False
441,Fornals,West Ham,399,59,0,0,0,1,0,0,0,0,0,0,0,5,5.6,5.1,17.0,2.8,1,False
442,Obiang,West Ham,400,0,0,0,0,0,0,0,0,0,0,0,0,0,0.0,0.0,0.0,0.0,0,False
443,Neves,Wolves,414,90,0,0,0,2,0,0,0,1,0,0,0,11,6.8,0.6,0.0,0.7,1,False
444,Moutinho,Wolves,415,90,0,0,0,2,0,0,0,0,0,0,0,13,4.8,17.8,0.0,2.3,2,False
445,Gibbs-White,Wolves,416,0,0,0,0,0,0,0,0,0,0,0,0,0,0.0,0.0,0.0,0.0,0,False
446,Traoré,Wolves,417,90,0,2,0,2,0,0,0,0,0,0,2,35,44.0,26.5,20.0,9.1,10,True
447,Costa,Wolves,418,0,0,0,0,0,0,0,0,0,0,0,0,0,0.0,0.0,0.0,0.0,0,False
448,Cavaleiro,Wolves,419,0,0,0,0,0,0,0,0,0,0,0,0,0,0.0,0.0,0.0,0.0,0,False
449,Dendoncker,Wolves,420,90,0,0,0,2,0,0,0,0,0,0,0,26,31.6,0.3,0.0,3.2,2,False
450,Trossard,Brighton,421,80,1,0,0,1,0,0,0,0,0,0,3,27,46.0,16.7,33.0,9.6,10,True
451,André Gomes,Everton,422,0,0,0,0,0,0,0,0,0,0,0,0,0,0.0,0.0,0.0,0.0,0,False
452,Lennon,Burnley,430,1,0,0,0,0,0,0,0,0,0,0,0,3,0.0,0.0,0.0,0.0,1,False
453,Pulisic,Chelsea,431,0,0,0,0,0,0,0,0,0,0,0,0,0,0.0,0.0,0.0,0.0,0,False
454,Kovacic,Chelsea,432,0,0,0,0,0,0,0,0,0,0,0,0,0,0.0,0.0,0.0,0.0,0,False
455,Roberts,Norwich,435,0,0,0,0,0,0,0,0,0,0,0,0,0,0.0,0.0,0.0,0.0,0,False
456,Djenepo,Southampton,438,19,0,0,0,1,0,0,0,0,0,0,0,6,6.6,0.8,17.0,2.4,1,False
457,Freeman,Sheffield Utd,441,0,0,0,0,0,0,0,0,0,0,0,0,0,0.0,0.0,0.0,0.0,0,False
458,Ndombele,Spurs,442,0,0,0,0,0,0,0,0,0,0,0,0,0,0.0,0.0,0.0,0.0,0,False
459,Rodrigo,Man City,443,1,0,0,0,1,0,0,0,0,0,0,0,3,0.6,0.7,0.0,0.1,1,False
460,Tielemans,Leicester,448,16,0,0,0,1,0,0,0,0,0,0,0,4,5.0,6.5,2.0,1.4,1,False
461,Callum Robinson,Sheffield Utd,453,23,0,0,0,0,0,0,0,0,0,0,0,5,5.4,14.7,2.0,2.2,1,False
462,Morrison,Sheffield Utd,456,0,0,0,0,0,0,0,0,0,0,0,0,0,0.0,0.0,0.0,0.0,0,False
463,Kenedy,Chelsea,462,0,0,0,0,0,0,0,0,0,0,0,0,0,0.0,0.0,0.0,0.0,0,False
464,Mount,Chelsea,463,67,0,0,1,0,0,0,0,0,0,0,0,11,7.2,50.7,18.0,7.6,3,False
465,Trézéguet,Aston Villa,465,66,0,0,0,1,0,0,0,0,0,0,0,4,2.0,11.8,2.0,1.6,2,False
466,Ceballos,Arsenal,469,0,0,0,0,0,0,0,0,0,0,0,0,0,0.0,0.0,0.0,0.0,0,False
467,Douglas Luiz,Aston Villa,470,22,0,1,0,0,0,0,0,0,0,0,0,14,22.0,11.0,7.0,4.0,4,False
468,Osborn,Sheffield Utd,472,0,0,0,0,0,0,0,0,0,0,0,0,0,0.0,0.0,0.0,0.0,0,False
469,Billing,Bournemouth,476,90,0,0,0,1,0,0,0,0,0,0,0,4,8.4,0.9,1.0,1.0,2,False
470,King,Leicester,480,0,0,0,0,0,0,0,0,0,0,0,0,0,0.0,0.0,0.0,0.0,0,False
471,Colback,Newcastle,482,0,0,0,0,0,0,0,0,0,0,0,0,0,0.0,0.0,0.0,0.0,0,False
472,Murphy,Newcastle,483,0,0,0,0,0,0,0,0,0,0,0,0,0,0.0,0.0,0.0,0.0,0,False
473,Pépé,Arsenal,488,90,0,0,0,1,0,0,0,0,0,0,0,9,14.8,29.1,47.0,9.1,2,False
474,Nelson,Arsenal,489,0,0,0,0,0,0,0,0,0,0,0,0,0,0.0,0.0,0.0,0.0,0,False
475,Willock,Arsenal,490,0,0,0,0,0,0,0,0,0,0,0,0,0,0.0,0.0,0.0,0.0,0,False
476,Nakamba,Aston Villa,491,85,0,0,0,1,0,0,0,1,0,0,0,7,11.2,2.0,0.0,1.3,1,False
477,Danjuma,Bournemouth,492,0,0,0,0,0,0,0,0,0,0,0,0,0,0.0,0.0,0.0,0.0,0,False
478,Gbamin,Everton,497,0,0,0,0,0,0,0,0,0,0,0,0,0,0.0,0.0,0.0,0.0,0,False
479,Aarons,Norwich,499,0,0,0,0,0,0,0,0,0,0,0,0,0,0.0,0.0,0.0,0.0,0,False
480,Saint-Maximin,Newcastle,500,90,0,1,1,0,0,0,0,0,0,0,0,16,19.6,25.2,5.0,5.0,6,False
481,Harry Wilson,Bournemouth,505,33,0,0,0,1,0,0,0,0,0,0,0,5,8.0,11.6,0.0,2.0,1,False
482,Amadou,Norwich,507,0,0,0,0,0,0,0,0,0,0,0,0,0,0.0,0.0,0.0,0.0,0,False
483,Boufal,Southampton,508,12,0,0,0,0,0,0,0,0,0,0,0,3,0.0,0.9,6.0,0.6,1,False
484,Camarasa,Crystal Palace,510,0,0,0,0,0,0,0,0,0,0,0,0,0,0.0,0.0,0.0,0.0,0,False
485,Mooy,Brighton,516,80,0,0,0,1,0,0,0,0,0,0,0,1,3.0,5.7,7.0,1.6,2,False
486,Praet,Leicester,517,73,0,1,0,1,0,0,0,0,0,0,0,25,33.0,15.1,19.0,6.7,5,False
487,Bešić,Sheffield Utd,522,14,0,0,0,0,0,0,0,0,0,0,0,4,5.4,0.3,7.0,1.3,1,False
488,Lo Celso,Spurs,523,79,0,0,1,0,0,0,0,0,0,0,0,13,14.0,4.3,0.0,1.8,3,False
489,Sessegnon,Spurs,524,0,0,0,0,0,0,0,0,0,0,0,0,0,0.0,0.0,0.0,0.0,0,False
490,Sarr,Watford,525,88,0,0,1,0,0,0,0,0,0,0,0,10,12.8,56.3,22.0,9.1,3,False
491,Nkoudou,Spurs,527,0,0,0,0,0,0,0,0,0,0,0,0,0,0.0,0.0,0.0,0.0,0,False
492,Neto,Wolves,528,85,1,0,0,2,0,0,0,0,0,0,0,26,36.2,19.4,18.0,7.4,7,False
493,Gilmour,Chelsea,533,0,0,0,0,0,0,0,0,0,0,0,0,0,0.0,0.0,0.0,0.0,0,False
494,Alzate,Brighton,537,90,0,0,0,1,0,0,0,0,0,0,0,7,9.4,4.1,0.0,1.4,2,False
495,Riedewald,Crystal Palace,539,87,0,0,0,2,0,0,0,0,0,0,0,7,14.8,3.5,0.0,1.8,2,False
496,Matthew Longstaff,Newcastle,540,5,0,0,0,0,0,0,0,0,0,0,0,3,0.2,3.1,0.0,0.3,1,False
497,Saka,Arsenal,541,90,0,1,0,1,0,0,0,0,0,0,0,17,13.6,5.2,6.0,2.5,5,False
498,Elliott,Liverpool,550,0,0,0,0,0,0,0,0,0,0,0,0,0,0.0,0.0,0.0,0.0,0,False
499,Baningime,Everton,557,0,0,0,0,0,0,0,0,0,0,0,0,0,0.0,0.0,0.0,0.0,0,False
500,Perry,Wolves,560,0,0,0,0,0,0,0,0,0,0,0,0,0,0.0,0.0,0.0,0.0,0,False
501,Dele-Bashiru,Watford,563,0,0,0,0,0,0,0,0,0,0,0,0,0,0.0,0.0,0.0,0.0,0,False
502,Saydee,Bournemouth,564,0,0,0,0,0,0,0,0,0,0,0,0,0,0.0,0.0,0.0,0.0,0,False
503,Kilkenny,Bournemouth,565,0,0,0,0,0,0,0,0,0,0,0,0,0,0.0,0.0,0.0,0.0,0,False
504,Otasowie,Wolves,566,0,0,0,0,0,0,0,0,0,0,0,0,0,0.0,0.0,0.0,0.0,0,False
505,Cundle,Wolves,567,0,0,0,0,0,0,0,0,0,0,0,0,0,0.0,0.0,0.0,0.0,0,False
506,Holland,West Ham,568,0,0,0,0,0,0,0,0,0,0,0,0,0,0.0,0.0,0.0,0.0,0,False
507,Jones,Man Utd,569,0,0,0,0,0,0,0,0,0,0,0,0,0,0.0,0.0,0.0,0.0,0,False
508,Goodridge,Burnley,571,0,0,0,0,0,0,0,0,0,0,0,0,0,0.0,0.0,0.0,0.0,0,False
509,Dobre,Bournemouth,574,0,0,0,0,0,0,0,0,0,0,0,0,0,0.0,0.0,0.0,0.0,0,False
510,Smith Rowe,Arsenal,576,0,0,0,0,0,0,0,0,0,0,0,0,0,0.0,0.0,0.0,0.0,0,False
511,Pierrick,Crystal Palace,580,0,0,0,0,0,0,0,0,0,0,0,0,0,0.0,0.0,0.0,0.0,0,False
512,Smallbone,Southampton,584,0,0,0,0,0,0,0,0,0,0,0,0,0,0.0,0.0,0.0,0.0,0,False
513,Kirby,Crystal Palace,588,0,0,0,0,0,0,0,0,0,0,0,0,0,0.0,0.0,0.0,0.0,0,False
514,Minamino,Liverpool,590,0,0,0,0,0,0,0,0,0,0,0,0,0,0.0,0.0,0.0,0.0,0,False
515,Rodwell,Sheffield Utd,591,0,0,0,0,0,0,0,0,0,0,0,0,0,0.0,0.0,0.0,0.0,0,False
516,Rosa,West Ham,595,0,0,0,0,0,0,0,0,0,0,0,0,0,0.0,0.0,0.0,0.0,0,False
517,Allan,Newcastle,598,0,0,0,0,0,0,0,0,0,0,0,0,0,0.0,0.0,0.0,0.0,0,False
518,Vassilev,Aston Villa,600,23,0,0,0,0,0,0,0,0,0,0,0,0,1.2,0.8,0.0,0.2,1,False
519,Duda,Norwich,601,77,0,1,1,0,0,0,0,0,0,0,0,22,13.2,24.2,35.0,7.2,6,False
520,Rupp,Norwich,602,1,0,0,0,0,0,0,0,0,0,0,0,3,0.0,0.0,0.0,0.0,1,False
521,Pussetto,Watford,604,1,0,0,0,0,0,0,0,0,0,0,0,4,6.2,0.0,0.0,0.6,1,False
522,Fernandes,Spurs,605,10,0,0,0,0,0,0,0,0,0,0,0,3,2.2,10.8,6.0,1.9,1,False
523,McGregor,Crystal Palace,608,0,0,0,0,0,0,0,0,0,0,0,0,0,0.0,0.0,0.0,0.0,0,False
524,Jordao,Wolves,609,0,0,0,0,0,0,0,0,0,0,0,0,0,0.0,0.0,0.0,0.0,0,False
525,Aubameyang,Arsenal,11,0,0,0,0,0,0,0,0,0,0,0,0,0,0.0,0.0,0.0,0.0,0,False
526,Lacazette,Arsenal,12,73,0,0,1,0,0,0,0,0,0,0,0,4,1.2,11.5,3.0,1.6,2,False
527,Nketiah,Arsenal,13,16,0,0,0,1,0,0,0,0,0,0,0,3,0.2,10.3,8.0,1.9,1,False
528,Kodjia,Aston Villa,26,0,0,0,0,0,0,0,0,0,0,0,0,0,0.0,0.0,0.0,0.0,0,False
529,Murray,Brighton,44,9,0,0,0,0,0,0,0,0,0,0,0,2,0.0,0.3,0.0,0.0,1,False
530,Locadia,Brighton,45,0,0,0,0,0,0,0,0,0,0,0,0,0,0.0,0.0,0.0,0.0,0,False
531,Andone,Brighton,46,0,0,0,0,0,0,0,0,0,0,0,0,0,0.0,0.0,0.0,0.0,0,False
532,Callum Wilson,Bournemouth,67,90,0,0,0,1,0,0,0,1,0,0,0,-2,4.4,3.4,41.0,4.9,1,False
533,King,Leicester,68,0,0,0,0,0,0,0,0,0,0,0,0,0,0.0,0.0,0.0,0.0,0,False
534,Solanke,Bournemouth,69,12,0,0,0,0,0,0,0,0,0,0,0,4,1.4,1.5,4.0,0.7,1,False
535,Mousset,Sheffield Utd,70,55,0,0,0,1,0,0,0,0,0,0,0,-5,0.0,2.1,12.0,0.7,1,False
536,Surridge,Bournemouth,71,0,0,0,0,0,0,0,0,0,0,0,0,0,0.0,0.0,0.0,0.0,0,False
537,Barnes,Leicester,90,0,0,0,0,0,0,0,0,0,0,0,0,0,0.0,0.0,0.0,0.0,0,False
538,Wood,Burnley,91,90,1,0,0,1,0,0,0,0,0,0,1,28,30.4,2.2,55.0,8.8,7,False
539,Vydra,Burnley,92,0,0,0,0,0,0,0,0,0,0,0,0,0,0.0,0.0,0.0,0.0,0,False
540,Giroud,Chelsea,110,0,0,0,0,0,0,0,0,0,0,0,0,0,0.0,0.0,0.0,0.0,0,False
541,Benteke,Crystal Palace,129,0,0,0,0,0,0,0,0,0,0,0,0,0,0.0,0.0,0.0,0.0,0,False
542,Wickham,Crystal Palace,130,9,0,0,0,2,0,0,0,0,0,0,0,5,2.2,0.3,0.0,0.3,1,False
543,Tosun,Everton,146,80,1,0,1,0,0,0,0,0,0,0,1,33,40.0,2.8,50.0,9.3,7,False
544,Calvert-Lewin,Everton,147,90,1,0,0,1,0,0,0,0,0,0,2,26,29.2,7.9,76.0,11.3,8,False
545,Vardy,Leicester,166,90,0,0,0,2,0,0,1,0,0,0,0,-4,13.2,1.3,42.0,5.7,0,False
546,Iheanacho,Leicester,167,16,0,0,0,1,0,0,0,0,0,0,0,9,5.4,26.1,10.0,4.2,1,False
547,Firmino,Liverpool,187,82,0,0,1,0,0,0,0,0,0,0,0,17,10.8,36.1,46.0,9.3,2,False
548,Origi,Liverpool,188,7,0,0,0,0,0,0,0,0,0,0,0,3,2.0,0.0,0.0,0.2,1,False
549,Agüero,Man City,210,90,2,0,0,2,0,0,0,0,0,0,3,45,69.4,2.2,151.0,22.3,13,True
550,Jesus,Man City,211,28,0,1,0,1,0,0,0,0,0,0,0,13,17.4,16.3,14.0,4.8,4,False
551,Lukaku,Man Utd,232,0,0,0,0,0,0,0,0,0,0,0,0,0,0.0,0.0,0.0,0.0,0,False
552,Rashford,Man Utd,233,0,0,0,0,0,0,0,0,0,0,0,0,0,0.0,0.0,0.0,0.0,0,False
553,Greenwood,Man Utd,234,16,0,0,0,1,0,0,0,0,0,0,0,2,0.0,0.7,2.0,0.3,1,False
554,Muto,Newcastle,260,0,0,0,0,0,0,0,0,0,0,0,0,0,0.0,0.0,0.0,0.0,0,False
555,Joselu,Newcastle,261,0,0,0,0,0,0,0,0,0,0,0,0,0,0.0,0.0,0.0,0.0,0,False
556,Pukki,Norwich,278,84,1,0,1,0,0,0,0,0,0,0,3,30,38.6,13.8,54.0,10.6,9,False
557,Srbeny,Norwich,279,0,0,0,0,0,0,0,0,0,0,0,0,0,0.0,0.0,0.0,0.0,0,False
558,Sharp,Sheffield Utd,298,34,0,0,0,0,0,0,0,0,0,0,0,2,0.0,0.0,0.0,0.0,1,False
559,McGoldrick,Sheffield Utd,303,0,0,0,0,0,0,0,0,0,0,0,0,0,0.0,0.0,0.0,0.0,0,False
560,Austin,Spurs,312,0,0,0,0,0,0,0,0,0,0,0,0,0,0.0,0.0,0.0,0.0,0,False
561,Ings,Southampton,313,90,0,0,0,3,0,0,0,0,0,0,0,4,1.8,1.9,22.0,2.6,2,False
562,Obafemi,Southampton,314,0,0,0,0,0,0,0,0,0,0,0,0,0,0.0,0.0,0.0,0.0,0,False
563,Long,Southampton,315,70,1,0,0,2,0,0,0,0,0,0,1,29,33.2,0.4,25.0,5.9,7,False
564,Gallagher,Southampton,316,0,0,0,0,0,0,0,0,0,0,0,0,0,0.0,0.0,0.0,0.0,0,False
565,Kane,Spurs,338,0,0,0,0,0,0,0,0,0,0,0,0,0,0.0,0.0,0.0,0.0,0,False
566,Janssen,Spurs,339,0,0,0,0,0,0,0,0,0,0,0,0,0,0.0,0.0,0.0,0.0,0,False
567,Deeney,Watford,362,90,0,0,1,0,0,0,1,0,0,0,0,2,11.0,25.1,94.0,13.0,0,False
568,Deulofeu,Watford,363,90,0,0,1,0,0,0,0,0,0,0,0,12,24.0,15.8,47.0,8.7,2,False
569,Gray,Watford,364,0,0,0,0,0,0,0,0,0,0,0,0,0,0.0,0.0,0.0,0.0,0,False
570,Success,Watford,365,0,0,0,0,0,0,0,0,0,0,0,0,0,0.0,0.0,0.0,0.0,0,False
571,Arnautovic,West Ham,385,0,0,0,0,0,0,0,0,0,0,0,0,0,0.0,0.0,0.0,0.0,0,False
572,Chicharito,West Ham,386,0,0,0,0,0,0,0,0,0,0,0,0,0,0.0,0.0,0.0,0.0,0,False
573,Xande Silva,West Ham,387,0,0,0,0,0,0,0,0,0,0,0,0,0,0.0,0.0,0.0,0.0,0,False
574,Jiménez,Wolves,409,90,2,0,0,2,0,0,0,0,0,0,3,50,72.4,6.9,80.0,15.9,13,True
575,Jota,Wolves,410,0,0,0,0,0,0,0,0,0,0,0,0,0,0.0,0.0,0.0,0.0,0,False
576,Wesley,Aston Villa,428,0,0,0,0,0,0,0,0,0,0,0,0,0,0.0,0.0,0.0,0.0,0,False
577,Drmic,Norwich,434,5,0,0,0,0,0,0,0,0,0,0,0,2,0.2,0.3,0.0,0.1,1,False
578,Adams,Southampton,437,19,0,0,0,1,0,0,0,0,0,0,0,1,0.0,1.7,2.0,0.3,1,False
579,Rodriguez,Burnley,451,90,0,0,0,1,0,0,0,0,0,0,0,3,12.8,5.3,13.0,3.1,2,False
580,Haller,West Ham,457,90,0,0,0,1,0,0,0,0,0,0,0,-10,8.6,14.3,64.0,8.7,2,False
581,Abraham,Chelsea,460,79,0,0,1,0,0,0,0,0,0,0,0,-4,0.0,1.8,52.0,4.7,2,False
582,Batshuayi,Chelsea,461,10,0,0,0,1,0,0,0,0,0,0,0,2,0.0,0.3,2.0,0.2,1,False
583,Brewster,Liverpool,464,0,0,0,0,0,0,0,0,0,0,0,0,0,0.0,0.0,0.0,0.0,0,False
584,Joelinton,Newcastle,466,90,0,0,1,0,0,0,0,0,0,0,0,-5,10.4,5.0,8.0,2.3,2,False
585,Ayew,Crystal Palace,468,90,0,0,0,2,0,0,0,1,0,0,0,4,8.2,2.2,2.0,1.2,1,False
586,Cutrone,Wolves,487,0,0,0,0,0,0,0,0,0,0,0,0,0,0.0,0.0,0.0,0.0,0,False
587,Kean,Everton,496,73,0,0,0,1,0,0,0,0,0,0,0,7,2.4,12.3,4.0,1.9,2,False
588,McBurnie,Sheffield Utd,501,90,0,0,0,1,0,0,0,0,0,0,0,7,15.0,6.3,69.0,9.0,2,False
589,Maupay,Brighton,502,90,0,1,0,1,0,0,0,1,0,0,0,9,18.0,13.0,65.0,9.6,4,False
590,Martinelli,Arsenal,504,90,1,0,0,1,0,0,0,0,0,0,2,22,31.8,1.3,47.0,8.0,8,False
591,Parrott,Spurs,509,0,0,0,0,0,0,0,0,0,0,0,0,0,0.0,0.0,0.0,0.0,0,False
592,Welbeck,Watford,512,0,0,0,0,0,0,0,0,0,0,0,0,0,0.0,0.0,0.0,0.0,0,False
593,Ajeti,West Ham,514,6,0,0,0,0,0,0,0,0,0,0,0,3,2.2,0.3,20.0,2.3,1,False
594,Carroll,Newcastle,520,0,0,0,0,0,0,0,0,0,0,0,0,0,0.0,0.0,0.0,0.0,0,False
595,Connolly,Brighton,534,67,0,0,1,0,0,0,0,0,0,0,0,4,0.0,10.4,28.0,3.8,2,False
596,N'Lundulu,Southampton,535,0,0,0,0,0,0,0,0,0,0,0,0,0,0.0,0.0,0.0,0.0,0,False
597,Idah,Norwich,538,0,0,0,0,0,0,0,0,0,0,0,0,0,0.0,0.0,0.0,0.0,0,False
598,Clarke,Sheffield Utd,547,0,0,0,0,0,0,0,0,0,0,0,0,0,0.0,0.0,0.0,0.0,0,False
599,Gayle,Newcastle,554,0,0,0,0,0,0,0,0,0,0,0,0,0,0.0,0.0,0.0,0.0,0,False
600,Ashley-Seal,Wolves,559,0,0,0,0,0,0,0,0,0,0,0,0,0,0.0,0.0,0.0,0.0,0,False
601,Gordon,Everton,561,45,0,0,0,0,0,0,0,0,0,0,0,2,0.0,7.4,14.0,2.0,1,False
602,Niasse,Everton,570,16,0,0,0,0,0,0,0,0,0,0,0,-3,2.0,1.5,0.0,0.4,1,False
603,Daly,Crystal Palace,581,0,0,0,0,0,0,0,0,0,0,0,0,0,0.0,0.0,0.0,0.0,0,False
604,John-Jules,Arsenal,585,0,0,0,0,0,0,0,0,0,0,0,0,0,0.0,0.0,0.0,0.0,0,False
605,João Pedro,Watford,592,0,0,0,0,0,0,0,0,0,0,0,0,0,0.0,0.0,0.0,0.0,0,False
